r_id,b_id
1,123
2,508
2,307
2,304
2,313
3,403
4,604
4,302
4,204
4,501
5,509
6,308
7,113
8,510
8,123
8,602
9,314
10,408
11,407
11,211
11,121
12,216
12,208
13,412
14,211
14,604
15,218
15,211
15,117
16,105
16,505
17,115
17,407
17,116
18,505
18,507
19,405
20,312
20,315
21,402
21,115
22,126
22,510
22,203
23,216
24,503
25,118
25,513
26,202
27,515
27,605
28,111
29,114
29,315
30,505
30,104
31,511
32,403
32,505
33,106
33,415
34,514
35,109
36,219
37,125
38,308
38,123
38,508
39,602
39,216
40,215
40,123
41,205
42,507
43,401
44,402
44,504
45,123
45,201
46,126
47,129
47,111
48,109
49,127
50,102
51,415
52,411
53,415
54,117
55,113
56,410
57,212
58,120
58,116
58,408
59,114
60,112
61,108
62,128
62,314
63,513
63,505
64,102
64,509
65,105
66,304
66,408
66,313
66,502
67,406
67,103
67,206
67,216
68,210
68,311
69,105
70,220
70,405
71,507
71,401
71,403
71,121
72,406
73,401
74,110
75,304
75,407
76,117
76,209
76,109
77,208
78,414
78,305
79,408
80,403
80,506
81,508
81,106
82,408
83,605
83,507
84,503
84,511
84,207
85,110
86,414
87,105
88,208
88,124
88,126
89,403
90,306
91,214
92,501
93,511
94,404
94,305
94,109
94,121
95,313
95,118
96,602
97,102
98,303
99,506
99,315
99,219
100,310
100,514
101,205
102,506
102,308
103,401
104,404
104,507
105,209
105,312
106,514
106,501
106,505
107,105
108,210
108,116
109,303
109,115
110,102
111,118
111,509
111,301
111,209
112,505
112,216
112,130
113,505
114,210
114,114
115,409
115,310
116,130
117,107
118,415
119,507
119,311
120,315
121,314
122,127
122,314
122,130
123,303
123,504
123,406
124,208
125,203
126,116
127,510
127,212
128,216
129,213
129,205
129,214
129,511
130,312
131,410
132,603
133,107
133,306
134,113
135,215
135,102
136,109
137,315
138,605
139,309
140,603
141,108
142,409
142,605
143,103
143,218
143,219
144,214
145,220
145,201
146,511
147,401
147,106
148,126
149,403
150,207
150,210
151,512
151,121
151,509
152,502
153,108
153,203
153,121
154,124
154,215
155,104
156,412
157,106
157,601
158,605
159,412
159,603
160,201
161,415
162,122
163,304
163,115
163,212
163,103
164,208
165,217
165,201
165,111
165,313
166,310
167,404
167,126
168,502
169,124
169,121
170,125
171,604
171,305
172,207
173,410
173,107
173,124
174,414
175,305
176,605
177,406
178,130
179,112
180,408
180,314
181,602
181,515
181,210
181,514
182,215
183,105
184,112
185,601
186,106
186,207
187,219
188,130
188,504
189,508
189,409
190,104
190,409
190,315
191,122
192,130
192,211
192,203
193,502
194,125
195,202
196,605
197,313
197,601
198,407
199,504
199,311
200,112
200,305
200,208
201,401
202,105
202,103
202,120
203,125
203,122
203,514
204,509
204,402
205,126
205,220
205,216
205,127
206,409
206,501
207,403
208,126
209,123
210,412
211,123
212,305
213,604
214,111
215,220
216,508
217,602
217,301
218,309
219,501
220,210
221,101
221,105
221,110
222,501
222,408
222,119
223,604
223,130
223,509
224,118
224,210
225,511
226,119
226,508
227,211
228,405
229,413
230,311
231,405
231,106
231,130
232,415
232,602
233,112
233,104
234,310
235,215
236,307
236,125
237,216
238,504
238,315
239,203
239,102
239,604
239,114
240,119
240,213
240,408
241,127
242,515
243,207
244,309
244,510
245,501
246,211
246,119
247,112
248,106
248,408
248,502
249,411
250,503
250,129
251,603
251,112
251,302
252,108
253,409
254,312
255,201
256,515
256,314
257,514
257,511
257,104
258,307
259,206
259,501
259,411
260,213
260,601
261,103
262,208
263,403
264,305
265,121
265,511
266,502
267,206
268,102
268,202
269,506
269,203
270,121
270,505
271,506
271,406
271,308
271,124
271,201
272,116
272,301
273,125
273,121
274,501
274,101
275,114
275,413
276,104
277,205
278,504
279,219
279,125
280,310
281,211
281,603
281,206
282,112
282,513
282,505
283,406
284,315
284,411
285,506
285,407
286,410
286,110
287,308
288,505
288,124
288,205
289,216
289,411
289,129
290,208
291,218
292,312
293,101
293,601
293,204
294,303
295,220
295,112
295,308
295,602
295,214
296,127
297,303
297,115
298,122
299,310
299,407
300,216
300,125
301,211
302,510
303,101
304,104
304,122
305,304
305,506
306,103
306,311
306,107
307,220
307,211
307,406
308,104
309,130
309,312
309,603
310,202
311,212
312,407
312,217
313,411
314,514
314,508
315,401
316,305
317,117
317,214
317,409
318,110
319,119
320,511
321,109
322,512
323,508
324,116
324,505
324,214
325,507
326,111
327,512
328,112
329,315
330,117
331,126
332,605
332,401
332,215
333,511
333,128
334,308
334,315
334,314
335,118
335,122
336,103
337,315
338,127
339,501
339,110
339,412
339,505
340,128
341,402
342,209
342,508
343,311
344,205
345,113
346,207
347,111
347,310
347,210
347,119
348,307
349,506
349,409
349,128
350,215
351,123
352,124
353,406
354,206
354,128
354,220
355,514
356,304
357,512
358,115
359,406
359,106
359,313
360,106
361,306
361,402
362,410
363,109
363,123
364,512
364,120
364,212
365,309
366,502
367,129
368,125
368,310
368,312
369,411
370,303
371,127
371,301
372,511
372,404
372,122
373,108
374,217
375,113
375,602
375,309
376,509
376,412
377,115
377,125
377,210
377,103
378,515
378,401
379,403
380,504
381,515
381,308
382,105
382,216
383,402
383,218
384,126
385,514
386,414
386,415
386,219
387,109
388,305
389,122
389,206
389,220
390,408
391,314
392,404
392,306
393,314
394,207
395,314
396,122
397,312
398,604
399,312
399,411
400,211
400,501
401,512
401,506
402,125
402,219
402,124
402,501
402,217
403,404
403,401
403,601
404,129
405,212
406,409
406,122
407,502
407,128
408,603
409,209
409,129
410,508
410,603
411,405
411,204
411,104
412,217
412,401
412,215
413,210
414,310
415,117
415,602
416,124
417,601
417,405
418,113
418,309
418,211
419,205
419,207
420,306
421,511
422,307
423,129
423,109
424,508
425,106
426,130
427,506
427,102
428,508
429,104
430,209
430,102
430,408
431,219
432,409
432,128
432,303
433,202
434,120
435,201
435,511
435,110
436,208
436,402
436,111
436,115
437,509
438,315
439,203
440,313
440,309
440,308
441,115
441,214
441,409
441,215
442,311
443,415
443,503
444,515
444,207
445,102
445,105
446,510
447,604
448,115
449,115
450,410
450,117
450,219
450,413
451,130
451,604
451,305
452,128
453,213
453,206
453,601
454,605
455,108
455,129
456,313
457,415
457,208
458,214
459,510
460,308
461,213
462,203
462,301
463,107
463,120
463,117
464,314
465,121
466,510
467,218
468,506
469,506
470,511
470,605
471,216
471,603
471,411
472,105
473,311
474,507
474,119
474,407
474,410
475,305
476,111
476,214
477,208
478,125
478,507
479,508
479,604
480,315
480,122
481,111
482,109
482,311
483,121
483,603
484,305
484,106
485,104
486,415
486,309
486,604
487,315
487,313
487,412
487,214
488,116
489,308
490,106
491,302
492,215
493,210
494,403
495,115
496,515
496,605
497,119
498,503
498,128
498,306
499,510
500,415
501,315
502,220
502,213
502,109
503,102
504,207
504,509
504,103
505,409
506,505
507,414
508,311
509,403
510,503
511,602
512,603
513,125
513,110
514,105
515,411
516,402
516,106
517,310
518,201
519,113
519,408
519,504
520,213
521,112
522,409
523,401
523,203
524,120
525,502
526,511
527,105
527,408
528,103
529,117
529,401
530,215
531,113
532,306
532,512
533,120
533,503
534,410
535,116
536,307
536,203
536,412
537,504
538,310
538,108
539,117
539,113
539,409
539,412
540,402
540,501
541,411
542,507
542,123
542,213
543,305
544,105
545,502
546,313
546,103
547,504
548,124
549,213
550,313
551,110
551,513
551,406
552,129
552,203
552,113
553,414
554,509
554,507
555,605
555,413
556,117
557,315
558,109
559,407
560,313
560,216
560,308
561,303
561,411
561,508
561,414
562,212
563,605
564,104
565,208
566,601
566,206
567,106
567,209
568,111
568,509
569,511
569,506
570,413
571,102
571,209
571,218
571,101
572,119
573,307
574,110
575,407
576,409
577,215
578,111
579,130
579,502
580,601
581,105
582,210
582,603
583,217
584,603
585,311
585,122
585,510
586,107
586,202
586,101
587,407
588,202
589,303
590,111
590,212
590,106
591,117
591,214
592,128
592,107
593,105
594,411
595,412
596,216
597,217
598,111
599,212
600,303
601,302
601,502
602,217
602,602
603,310
604,304
604,204
604,214
605,506
606,306
607,408
607,507
608,406
609,214
609,216
610,120
611,213
612,123
613,129
613,411
614,401
615,126
615,119
616,407
617,208
618,120
618,314
619,307
619,210
620,106
621,415
622,126
622,509
623,219
623,105
624,130
624,128
625,306
625,107
626,407
627,213
627,504
627,507
628,117
628,312
628,122
629,601
630,411
631,124
632,406
632,211
633,129
634,410
635,511
636,208
637,119
638,413
638,402
639,509
640,414
640,220
641,503
642,213
643,109
644,413
645,204
646,503
647,311
647,114
648,117
648,402
649,203
650,118
650,412
650,301
651,311
652,402
652,101
652,211
653,304
653,103
653,301
654,309
655,401
655,601
655,207
655,305
656,117
656,312
657,308
658,204
659,109
660,202
661,308
661,129
661,125
661,603
662,514
663,217
663,403
664,101
664,515
665,408
666,117
666,414
666,220
666,412
667,103
668,315
669,118
670,503
670,121
670,405
671,201
672,402
673,505
674,410
675,603
676,307
677,511
677,603
677,212
678,209
678,307
679,113
680,409
680,309
680,602
681,205
681,407
682,123
683,218
683,129
683,404
683,220
684,415
684,402
685,405
686,403
687,113
687,515
687,512
688,506
688,404
688,307
688,121
689,128
690,210
691,112
692,120
692,114
693,116
693,208
694,513
695,505
696,207
697,509
698,216
699,413
700,308
700,508
701,129
702,209
703,110
703,127
704,201
704,515
705,101
706,206
706,407
706,311
706,211
707,301
708,216
708,502
709,123
710,116
710,412
710,202
711,303
711,124
712,302
712,514
712,408
712,118
713,506
714,511
714,104
715,302
715,214
716,128
716,309
716,507
717,202
718,507
718,208
718,115
719,513
719,604
720,603
721,407
721,109
722,118
722,122
723,218
724,308
725,203
726,205
727,103
727,119
727,128
728,126
728,510
728,107
729,217
729,311
730,110
731,503
731,514
732,213
732,220
733,404
734,411
735,309
735,506
736,503
736,308
736,408
736,202
737,507
738,503
739,503
740,130
740,215
740,401
741,413
742,414
743,217
744,407
744,507
745,129
746,404
747,103
748,128
749,411
750,109
750,104
750,313
751,513
752,409
752,217
752,101
753,408
754,209
755,219
755,514
755,302
755,121
756,507
757,309
758,314
759,212
760,406
760,414
761,126
762,108
762,403
762,502
763,106
764,102
764,311
765,405
766,212
767,408
768,128
769,301
770,515
770,112
771,404
771,203
771,102
772,212
772,512
772,403
773,120
774,117
775,409
776,410
777,310
778,117
779,110
779,113
779,411
780,127
780,404
780,105
781,315
782,120
782,217
782,402
783,115
783,506
783,403
784,118
784,113
784,510
785,604
786,513
786,503
786,309
787,504
788,603
788,409
789,505
790,302
791,604
792,303
792,120
793,213
794,307
794,511
794,208
794,315
795,406
795,209
795,219
795,210
796,305
797,412
798,508
798,118
798,507
799,117
799,116
799,214
800,109
800,220
801,104
801,410
801,405
802,203
803,511
803,202
804,129
805,404
805,510
806,403
807,512
807,312
808,124
809,217
810,130
811,107
812,603
813,604
814,110
815,412
816,124
817,126
817,130
818,501
819,205
819,405
819,407
819,209
820,308
820,407
821,507
821,208
822,305
823,408
823,406
823,503
824,515
824,407
825,602
825,213
826,107
827,314
827,309
828,507
829,406
830,204
831,306
832,106
833,503
833,315
834,605
835,212
836,203
836,217
837,125
837,314
838,218
838,117
838,112
839,315
840,107
841,220
841,603
842,117
843,120
844,503
845,312
846,414
847,310
847,118
847,403
847,407
848,214
848,206
849,309
850,105
851,103
852,208
852,214
852,414
853,216
853,217
854,503
855,405
855,121
855,307
855,509
856,303
857,106
857,203
857,601
858,307
859,212
859,123
860,209
861,410
861,106
862,116
862,506
862,508
863,215
863,510
864,125
864,308
865,123
866,111
867,206
867,305
868,101
869,105
870,114
871,509
872,413
873,306
873,219
873,204
874,213
875,202
876,411
876,503
877,109
878,510
879,111
880,130
880,302
881,603
882,120
883,407
884,602
884,211
885,409
885,202
886,314
887,315
887,414
888,117
889,410
890,514
891,409
892,310
893,104
893,113
894,505
894,314
895,509
896,410
897,203
897,504
897,315
898,301
898,509
898,217
899,601
899,110
899,129
900,207
900,114
901,220
901,408
901,213
902,302
903,128
904,605
905,413
905,124
906,115
907,201
907,109
908,506
908,315
908,219
909,511
910,304
911,514
912,118
913,605
913,208
913,413
914,404
915,507
916,303
917,411
917,124
918,313
918,509
919,212
919,508
920,415
920,312
921,504
922,302
922,603
922,401
922,108
923,404
924,106
925,130
926,501
926,310
927,105
928,507
929,206
930,311
931,103
931,315
932,205
932,309
933,314
934,214
934,507
935,408
935,505
936,405
936,208
937,126
938,605
939,505
940,220
941,514
941,212
942,219
942,508
942,129
942,202
942,210
943,112
944,126
944,302
945,121
945,511
946,114
947,122
947,412
948,104
948,201
949,415
949,128
949,211
950,213
950,308
950,401
951,604
951,122
951,407
952,103
952,409
953,512
954,310
954,508
955,107
955,122
955,208
956,304
957,114
958,121
959,104
959,503
960,604
961,605
962,205
963,515
964,125
965,106
966,305
967,124
967,303
968,412
969,120
970,502
971,117
972,412
972,215
972,401
973,114
973,508
974,509
974,504
975,510
975,120
975,211
976,412
976,308
977,213
977,510
978,507
979,122
979,116
980,406
981,315
981,102
982,314
983,402
984,302
985,220
986,401
986,301
987,309
988,105
989,313
989,214
990,503
991,217
992,504
993,109
993,314
994,204
994,401
995,503
996,605
997,107
998,305
999,514
999,124
1000,304
1000,217
1001,603
1002,207
1003,219
1003,117
1003,215
1003,401
1004,315
1004,506
1005,212
1006,401
1007,408
1008,602
1008,205
1008,217
1009,128
1010,513
1011,208
1011,102
1012,201
1012,504
1012,604
1013,125
1014,303
1015,307
1016,220
1016,413
1016,111
1017,305
1018,209
1018,605
1018,602
1019,508
1019,216
1020,124
1020,315
1020,301
1021,301
1022,303
1022,101
1023,111
1024,203
1024,215
1025,511
1026,315
1027,208
1027,205
1027,311
1028,413
1028,408
1029,120
1029,118
1030,123
1031,212
1031,514
1031,105
1032,108
1033,210
1034,213
1034,119
1034,129
1035,108
1035,126
1036,211
1036,403
1036,413
1037,502
1038,308
1039,109
1040,118
1041,411
1042,214
1042,303
1042,305
1043,407
1044,121
1044,108
1044,502
1045,302
1045,311
1046,103
1046,303
1046,123
1046,415
1047,405
1048,211
1048,213
1049,505
1050,115
1051,101
1051,128
1051,301
1051,506
1052,104
1053,511
1053,501
1054,307
1055,108
1055,605
1056,312
1057,301
1058,302
1058,304
1059,501
1059,111
1059,508
1059,105
1060,209
1060,220
1060,401
1061,312
1062,303
1062,108
1063,215
1063,111
1064,305
1064,208
1065,210
1065,410
1065,118
1066,402
1067,410
1067,208
1068,112
1069,502
1070,115
1070,117
1071,404
1072,220
1073,125
1074,403
1075,109
1076,220
1077,218
1078,219
1078,304
1079,104
1080,509
1081,403
1082,603
1083,210
1084,204
1085,406
1086,211
1086,201
1087,515
1088,314
1089,311
1089,601
1090,413
1091,218
1092,308
1092,403
1093,205
1094,115
1095,210
1096,503
1097,502
1098,108
1099,501
1100,216
1101,126
1102,510
1103,123
1104,115
1105,315
1105,120
1106,602
1107,410
1108,309
1108,505
1108,112
1109,314
1110,113
1111,219
1111,109
1112,125
1113,101
1114,127
1115,312
1116,110
1116,209
1116,513
1117,206
1117,207
1117,202
1118,116
1119,126
1119,114
1119,101
1120,314
1121,117
1121,407
1122,220
1122,603
1123,304
1123,513
1124,109
1124,116
1125,314
1125,512
1125,511
1126,410
1126,127
1127,408
1128,124
1128,413
1129,313
1130,219
1131,114
1131,216
1132,102
1133,108
1134,105
1134,401
1134,210
1134,413
1135,119
1136,129
1136,212
1137,113
1137,206
1137,203
1138,303
1139,211
1139,314
1139,107
1140,201
1141,120
1141,403
1142,213
1143,402
1143,304
1143,204
1144,407
1145,414
1145,202
1145,409
1146,104
1146,512
1147,213
1147,514
1148,118
1148,506
1149,117
1150,501
1151,409
1151,106
1152,217
1152,302
1152,601
1152,403
1152,214
1153,213
1153,120
1154,402
1154,104
1155,202
1156,125
1157,208
1158,312
1158,306
1158,301
1159,505
1160,503
1161,116
1161,108
1161,301
1162,111
1163,312
1164,401
1164,513
1164,509
1165,506
1166,116
1166,110
1166,509
1167,315
1168,605
1169,412
1170,313
1170,513
1171,410
1171,510
1172,129
1173,217
1174,103
1175,409
1176,303
1177,114
1178,203
1178,115
1178,108
1179,303
1180,409
1180,506
1181,204
1182,124
1183,109
1183,216
1184,214
1184,601
1185,603
1186,106
1186,204
1187,404
1187,219
1187,127
1188,301
1189,130
1189,125
1190,509
1191,108
1191,511
1191,413
1191,502
1192,209
1193,307
1194,107
1194,124
1195,312
1196,129
1196,103
1196,411
1197,126
1197,314
1197,212
1198,214
1198,604
1199,206
1199,315
1199,503
1200,124
1201,220
1201,401
1201,120
1202,506
1202,507
1203,219
1204,103
1204,402
1204,119
1205,216
1206,113
1206,118
1206,104
1207,124
1208,115
1209,217
1210,410
1211,313
1211,312
1212,113
1212,208
1213,605
1214,403
1214,305
1215,405
1215,213
1216,407
1217,409
1218,214
1218,109
1218,602
1219,502
1220,303
1221,313
1222,310
1223,129
1224,410
1225,208
1225,210
1225,403
1226,128
1226,307
1226,501
1226,309
1227,121
1227,115
1228,219
1228,116
1229,205
1230,407
1231,315
1231,507
1231,211
1232,306
1233,125
1234,102
1235,402
1235,506
1235,107
1236,313
1236,405
1236,515
1237,202
1237,305
1238,104
1239,207
1240,404
1241,411
1241,601
1241,108
1242,201
1242,312
1242,406
1243,313
1243,108
1244,113
1245,309
1246,206
1247,125
1247,408
1248,515
1249,211
1249,129
1250,112
1250,307
1250,402
1251,412
1251,120
1251,501
1251,506
1252,301
1253,509
1253,311
1253,304
1254,401
1255,303
1256,403
1257,107
1257,123
1258,208
1258,122
1258,119
1259,209
1259,413
1259,105
1260,205
1261,602
1262,129
1263,123
1264,511
1264,408
1264,503
1265,105
1266,106
1266,128
1266,103
1267,205
1267,105
1267,408
1267,119
1268,125
1268,414
1269,125
1270,209
1271,210
1271,504
1272,117
1272,208
1273,413
1273,219
1273,510
1274,128
1275,312
1275,413
1275,117
1276,126
1277,123
1277,302
1278,310
1278,124
1278,127
1278,118
1278,509
1279,211
1279,514
1280,304
1280,308
1281,203
1282,219
1282,412
1283,405
1283,501
1284,506
1285,402
1286,502
1286,115
1287,113
1287,508
1288,129
1289,313
1289,125
1290,120
1290,510
1291,203
1292,514
1293,208
1293,212
1294,308
1295,216
1296,312
1297,406
1297,403
1298,216
1299,119
1300,126
1300,128
1300,212
1301,114
1301,405
1302,217
1302,122
1302,107
1303,306
1304,113
1304,103
1305,120
1306,301
1307,204
1308,312
1308,411
1308,208
1309,401
1310,502
1311,604
1312,214
1313,510
1313,217
1313,311
1314,202
1314,218
1315,401
1316,301
1317,211
1318,410
1318,303
1319,107
1319,505
1320,203
1320,123
1320,406
1321,312
1321,217
1321,129
1322,403
1323,515
1324,414
1324,403
1325,415
1325,102
1326,204
1326,207
1327,214
1327,408
1327,120
1328,314
1329,311
1329,505
1330,204
1331,415
1332,118
1332,309
1333,308
1333,121
1334,502
1335,218
1336,120
1336,123
1337,403
1337,105
1338,415
1338,104
1338,306
1339,602
1340,512
1341,130
1341,408
1341,601
1342,409
1342,407
1342,123
1343,415
1343,403
1344,206
1345,304
1345,109
1346,505
1347,415
1348,307
1348,405
1348,404
1349,601
1350,120
1350,102
1351,215
1351,122
1351,104
1351,513
1351,414
1352,107
1352,220
1353,209
1353,123
1353,313
1354,311
1354,403
1355,116
1356,201
1357,208
1357,513
1358,116
1358,214
1358,411
1359,215
1360,509
1361,402
1361,207
1362,117
1363,201
1363,414
1364,112
1364,123
1364,410
1365,210
1365,206
1365,215
1366,401
1366,101
1367,117
1368,413
1369,407
1369,514
1370,214
1371,602
1371,503
1372,209
1372,103
1372,515
1372,117
1373,116
1373,406
1373,315
1373,502
1374,107
1375,312
1375,110
1376,207
1376,412
1376,124
1377,413
1378,205
1379,501
1379,310
1380,312
1380,306
1380,504
1380,304
1381,511
1381,410
1381,311
1382,201
1383,209
1384,301
1385,203
1386,117
1387,405
1388,206
1389,208
1389,101
1390,122
1391,106
1392,404
1392,315
1392,310
1392,116
1393,123
1394,105
1395,218
1396,103
1396,601
1397,406
1397,303
1397,108
1397,116
1398,128
1399,118
1400,505
1400,504
1401,213
1402,511
1403,408
1404,510
1405,201
1406,507
1407,211
1407,408
1408,102
1409,214
1410,509
1410,207
1410,204
1411,112
1412,212
1413,110
1413,409
1413,122
1413,101
1414,128
1414,119
1415,127
1415,305
1415,213
1416,512
1417,124
1418,114
1419,213
1419,120
1420,124
1420,302
1420,411
1420,102
1421,504
1422,115
1423,406
1423,202
1424,310
1425,112
1425,121
1425,603
1425,104
1425,219
1426,101
1427,128
1427,113
1427,119
1428,209
1428,311
1428,218
1429,406
1429,407
1430,508
1431,202
1432,128
1433,505
1434,202
1435,125
1435,312
1435,123
1436,413
1436,603
1437,210
1438,510
1439,208
1439,211
1440,130
1440,301
1440,204
1441,210
1442,413
1443,121
1444,210
1445,121
1445,515
1445,107
1445,411
1446,305
1447,603
1447,413
1448,304
1448,303
1448,129
1449,404
1449,110
1449,102
1450,127
1450,123
1451,130
1451,217
1452,506
1452,501
1453,602
1453,407
1453,129
1454,203
1455,201
1456,216
1457,408
1458,412
1459,308
1459,126
1460,108
1461,218
1461,306
1462,404
1462,509
1462,502
1463,120
1463,501
1463,112
1464,219
1464,217
1465,305
1466,204
1466,304
1467,302
1468,108
1469,119
1469,105
1469,312
1469,511
1470,510
1470,208
1471,218
1472,217
1473,411
1473,405
1474,119
1474,312
1474,514
1475,409
1476,513
1477,506
1478,413
1479,116
1480,402
1481,509
1482,211
1482,210
1483,603
1484,309
1485,501
1486,506
1487,112
1487,117
1487,214
1488,415
1489,507
1489,508
1490,409
1491,102
1492,511
1493,406
1494,116
1494,309
1495,219
1495,121
1495,108
1496,303
1497,206
1497,307
1497,313
1498,302
1498,122
1499,213
1500,408
1501,107
1502,215
1503,303
1504,114
1505,215
1505,129
1506,122
1507,207
1508,125
1508,406
1508,112
1509,116
1510,118
1511,509
1512,308
1513,401
1514,303
1514,125
1515,412
1515,409
1516,405
1516,123
1517,406
1517,204
1517,102
1518,307
1519,313
1520,409
1520,111
1521,407
1522,104
1522,514
1523,502
1524,312
1525,217
1525,412
1526,502
1527,407
1528,312
1529,129
1530,314
1530,211
1530,311
1531,305
1532,409
1532,107
1532,402
1533,305
1534,216
1535,510
1536,118
1537,121
1537,314
1537,211
1537,216
1538,304
1538,302
1538,313
1539,103
1539,414
1539,411
1540,205
1541,410
1542,506
1543,111
1544,409
1544,213
1544,307
1544,301
1545,312
1546,205
1547,309
1547,106
1548,504
1548,219
1548,128
1549,218
1550,503
1551,508
1552,302
1553,220
1554,209
1555,502
1556,113
1557,603
1558,514
1559,103
1559,502
1560,121
1561,125
1561,603
1562,207
1563,303
1563,304
1564,509
1565,106
1566,206
1567,101
1567,502
1567,602
1568,126
1568,410
1569,111
1569,515
1569,201
1570,508
1571,117
1572,410
1572,102
1572,103
1572,405
1573,128
1574,219
1574,202
1575,130
1576,306
1577,402
1578,407
1579,111
1580,121
1581,128
1581,503
1582,105
1583,304
1583,109
1584,204
1584,605
1585,510
1585,601
1585,312
1586,314
1587,207
1588,313
1589,514
1590,604
1590,508
1590,412
1591,126
1591,406
1592,128
1593,413
1593,107
1594,303
1594,220
1595,207
1596,311
1597,507
1597,112
1598,218
1599,310
1600,605
1601,211
1602,401
1603,130
1604,602
1605,109
1606,101
1607,220
1607,210
1608,203
1608,504
1609,503
1610,309
1611,503
1612,411
1613,118
1614,508
1614,129
1614,314
1615,410
1616,125
1617,202
1618,123
1619,405
1619,116
1620,414
1621,207
1621,415
1621,217
1622,501
1623,219
1623,302
1623,105
1624,121
1624,127
1624,106
1625,305
1626,504
1626,209
1627,408
1628,514
1628,208
1629,211
1629,111
1629,107
1630,602
1630,507
1631,123
1631,104
1631,213
1632,307
1632,605
1632,414
1633,207
1633,515
1633,413
1634,502
1635,514
1636,513
1636,217
1637,505
1638,512
1638,127
1638,208
1639,202
1639,504
1639,204
1640,112
1640,315
1641,104
1642,310
1643,120
1644,304
1645,202
1646,206
1647,116
1647,210
1647,402
1648,125
1649,301
1649,126
1650,601
1651,309
1652,415
1653,603
1654,119
1654,216
1655,112
1655,125
1655,510
1656,106
1657,515
1657,105
1658,504
1658,130
1659,508
1660,214
1660,220
1661,101
1662,401
1662,102
1662,302
1662,114
1663,603
1663,504
1663,314
1664,502
1665,115
1665,116
1666,408
1667,402
1667,216
1668,209
1669,121
1670,220
1671,207
1671,315
1671,118
1672,212
1673,401
1673,309
1674,112
1675,408
1676,301
1677,303
1677,127
1678,306
1679,122
1679,220
1679,206
1680,217
1681,213
1682,303
1683,414
1684,126
1684,104
1685,401
1686,511
1687,105
1687,310
1688,502
1688,404
1689,409
1690,105
1691,127
1692,120
1692,220
1693,128
1694,603
1695,308
1695,501
1696,106
1697,302
1697,507
1697,603
1698,313
1699,504
1700,514
1701,309
1701,308
1702,109
1703,202
1703,502
1704,217
1705,206
1706,408
1707,124
1708,507
1708,604
1708,101
1709,120
1709,207
1710,301
1710,506
1711,401
1712,122
1712,219
1713,122
1713,208
1713,305
1713,601
1714,301
1715,123
1716,605
1716,101
1717,410
1718,101
1718,509
1719,121
1720,210
1720,502
1720,403
1721,114
1721,122
1722,106
1723,101
1724,122
1724,130
1724,216
1724,127
1725,314
1726,209
1727,303
1728,414
1729,312
1729,301
1730,409
1731,514
1731,504
1732,203
1733,108
1734,506
1735,407
1736,127
1737,130
1737,309
1737,406
1738,509
1739,112
1739,307
1740,114
1741,301
1741,413
1741,107
1742,502
1743,115
1743,513
1743,106
1744,130
1744,307
1744,107
1745,205
1746,303
1747,204
1748,314
1748,106
1748,109
1749,217
1750,201
1750,413
1750,211
1750,513
1751,210
1751,402
1752,304
1753,114
1754,212
1755,110
1756,509
1757,112
1758,107
1759,404
1760,513
1761,508
1762,207
1762,212
1763,130
1764,515
1765,205
1765,122
1766,118
1767,509
1767,507
1768,128
1768,407
1769,514
1770,202
1771,108
1771,114
1771,511
1772,314
1772,308
1773,515
1774,214
1775,602
1776,213
1777,307
1777,206
1777,302
1778,404
1779,508
1780,411
1780,205
1781,217
1782,109
1783,401
1783,108
1784,110
1785,220
1785,216
1785,201
1786,210
1787,303
1788,113
1789,406
1789,204
1789,212
1789,117
1790,515
1790,207
1791,408
1792,508
1793,205
1793,218
1793,110
1794,311
1795,403
1795,103
1796,513
1796,303
1797,509
1798,129
1799,506
1799,109
1800,403
1801,407
1802,116
1803,412
1804,506
1805,118
1806,216
1807,312
1807,209
1808,310
1808,308
1809,213
1810,115
1810,309
1810,205
1811,308
1811,120
1811,406
1812,104
1812,601
1813,106
1813,215
1813,108
1814,220
1815,407
1816,218
1816,216
1816,410
1817,125
1818,305
1819,510
1819,110
1820,403
1821,313
1821,602
1822,604
1823,124
1823,506
1824,512
1825,313
1825,301
1825,105
1825,505
1826,116
1827,315
1828,411
1829,104
1830,401
1830,310
1831,220
1832,109
1833,121
1834,414
1835,120
1835,113
1835,512
1836,103
1837,412
1838,511
1838,514
1839,124
1840,202
1841,509
1842,413
1843,510
1844,506
1844,125
1845,219
1846,112
1847,117
1847,208
1847,605
1848,110
1848,113
1848,511
1848,405
1849,306
1850,604
1851,602
1852,120
1853,203
1853,127
1853,507
1854,118
1854,126
1855,312
1855,407
1855,310
1856,204
1856,402
1856,115
1857,215
1857,510
1858,103
1859,315
1860,403
1860,121
1861,101
1861,113
1861,123
1862,108
1863,122
1863,102
1864,413
1865,502
1865,209
1865,506
1866,309
1866,306
1866,212
1866,303
1867,511
1867,210
1867,401
1868,106
1869,219
1870,505
1871,206
1871,110
1872,314
1873,130
1873,505
1874,101
1875,127
1876,216
1876,312
1877,114
1877,310
1878,307
1878,107
1879,218
1880,604
1880,504
1880,305
1881,124
1882,202
1883,603
1884,504
1885,501
1886,101
1886,220
1887,216
1887,301
1887,214
1887,502
1888,404
1888,401
1889,506
1890,412
1891,112
1892,111
1892,115
1893,210
1893,313
1893,407
1893,602
1893,504
1894,108
1895,408
1896,408
1896,514
1896,107
1896,109
1897,413
1897,605
1898,302
1899,414
1899,214
1900,207
1900,511
1900,121
1900,510
1900,217
1901,312
1901,413
1901,602
1901,211
1902,126
1903,117
1904,514
1904,203
1905,205
1906,410
1907,104
1908,209
1909,304
1910,310
1910,103
1910,108
1911,603
1911,508
1911,401
1912,123
1913,111
1914,102
1915,213
1916,212
1916,512
1917,119
1918,203
1919,304
1920,403
1921,116
1921,509
1921,401
1922,204
1922,110
1923,507
1923,122
1923,313
1924,112
1925,127
1925,415
1925,214
1926,309
1927,206
1928,503
1928,102
1929,506
1929,126
1930,302
1930,106
1931,301
1931,411
1931,104
1931,410
1932,508
1932,101
1933,604
1934,601
1934,405
1935,307
1935,502
1935,124
1936,210
1937,204
1937,313
1938,121
1938,513
1938,310
1939,106
1939,216
1940,107
1940,112
1941,124
1942,107
1943,108
1944,127
1945,408
1946,506
1946,130
1947,213
1948,314
1949,510
1950,118
1951,512
1952,210
1953,104
1953,315
1954,109
1954,115
1955,121
1956,214
1957,115
1957,505
1958,109
1959,603
1959,401
1960,119
1960,501
1960,209
1960,105
1961,217
1962,109
1962,104
1963,207
1963,301
1964,407
1964,514
1964,201
1965,515
1966,213
1966,601
1966,126
1967,309
1968,130
1968,120
1969,208
1970,117
1971,307
1971,121
1972,129
1972,512
1973,504
1974,203
1974,415
1974,217
1975,302
1975,218
1976,410
1976,311
1977,205
1978,109
1979,404
1980,310
1981,111
1982,215
1983,117
1983,112
1984,126
1984,113
1985,405
1986,411
1986,315
1987,213
1987,206
1988,130
1989,124
1989,114
1990,117
1990,121
1991,214
1992,216
1993,315
1994,110
1995,305
1996,407
1997,214
1997,308
1998,219
1998,212
1999,113
1999,507
2000,509
2001,411
2001,309
2002,207
2003,403
2004,503
2005,204
2005,209
2006,129
2006,102
2007,603
2008,513
2008,104
2009,414
2009,117
2010,505
2010,504
2011,406
2011,209
2011,509
2012,103
2013,415
2013,213
2014,124
2015,123
2016,219
2017,409
2017,109
2018,117
2019,220
2019,204
2019,401
2020,106
2021,503
2021,502
2021,301
2022,513
2022,104
2023,206
2024,407
2025,201
2026,122
2027,408
2028,124
2029,311
2030,507
2030,415
2031,309
2031,123
2032,212
2032,112
2033,506
2033,315
2034,307
2035,114
2036,208
2036,117
2037,603
2037,129
2037,302
2038,120
2039,503
2040,411
2041,511
2041,308
2042,405
2043,122
2043,215
2044,202
2044,307
2045,120
2046,205
2047,210
2047,307
2047,308
2048,605
2049,312
2050,414
2051,126
2052,127
2052,501
2053,407
2054,116
2054,306
2054,205
2054,115
2055,123
2056,112
2056,509
2056,202
2056,207
2057,408
2057,124
2058,217
2058,604
2059,117
2060,129
2061,304
2062,414
2063,101
2063,413
2064,503
2065,103
2066,306
2067,219
2068,402
2069,215
2070,304
2070,105
2071,408
2072,404
2072,107
2073,207
2074,302
2074,512
2074,211
2075,114
2075,218
2076,308
2076,506
2077,414
2078,127
2079,111
2079,212
2079,304
2079,401
2080,128
2081,211
2082,203
2083,123
2084,216
2085,409
2086,201
2086,405
2087,509
2087,125
2088,302
2088,410
2089,513
2090,507
2091,311
2092,126
2092,605
2092,413
2092,119
2093,603
2093,113
2094,213
2095,219
2096,313
2097,128
2097,205
2098,104
2099,304
2099,117
2099,216
2100,121
2101,126
2102,512
2102,102
2102,306
2102,405
2103,211
2103,506
2103,114
2104,122
2104,605
2104,124
2105,210
2105,105
2105,602
2106,314
2107,102
2108,219
2108,511
2109,101
2110,203
2111,312
2112,414
2113,123
2114,207
2114,119
2115,309
2115,605
2115,509
2116,510
2117,117
2117,112
2118,404
2119,207
2120,202
2120,312
2120,110
2121,205
2122,218
2122,406
2123,116
2123,120
2124,407
2124,105
2125,410
2126,312
2126,309
2127,515
2127,101
2128,208
2129,310
2129,212
2130,203
2130,115
2130,301
2131,102
2132,121
2132,105
2132,511
2133,213
2133,118
2134,125
2134,413
2134,507
2135,513
2135,207
2136,202
2136,215
2137,208
2137,603
2138,110
2139,217
2139,112
2139,314
2139,119
2140,111
2141,129
2142,119
2142,215
2143,124
2143,115
2143,501
2144,130
2144,512
2145,109
2145,103
2146,514
2146,121
2146,218
2147,313
2148,212
2149,410
2150,303
2151,204
2151,113
2152,407
2153,129
2153,314
2154,210
2154,513
2154,403
2154,409
2155,603
2155,108
2156,117
2157,102
2157,104
2158,514
2159,604
2159,201
2160,515
2160,202
2161,513
2161,501
2162,409
2162,503
2162,312
2163,121
2164,126
2164,128
2165,129
2166,603
2167,118
2167,314
2168,123
2169,103
2170,306
2170,116
2171,119
2171,307
2172,108
2173,304
2173,301
2173,121
2173,113
2173,218
2174,501
2175,102
2176,202
2177,509
2178,209
2179,108
2180,129
2180,210
2181,506
2182,202
2183,412
2183,115
2183,604
2183,405
2184,502
2185,104
2185,116
2186,205
2187,107
2187,121
2188,308
2189,309
2189,514
2190,505
2191,118
2191,603
2192,202
2192,116
2193,213
2194,506
2195,125
2196,508
2196,306
2197,403
2198,504
2199,511
2200,605
2201,212
2201,509
2202,219
2202,502
2202,123
2203,121
2203,101
2203,314
2204,505
2205,414
2205,308
2206,129
2207,207
2208,315
2208,501
2209,110
2209,214
2209,128
2209,129
2210,313
2211,505
2212,201
2213,311
2214,202
2215,102
2215,407
2216,126
2217,208
2217,206
2218,125
2218,313
2218,307
2219,305
2220,604
2220,404
2221,115
2222,210
2222,510
2223,412
2224,101
2225,312
2226,304
2226,104
2227,205
2227,602
2228,214
2229,306
2230,405
2231,601
2231,309
2232,203
2232,118
2232,513
2233,124
2233,212
2234,511
2235,401
2236,110
2237,127
2238,415
2239,402
2239,312
2240,218
2240,514
2241,305
2242,117
2243,125
2243,504
2244,119
2244,208
2245,217
2246,219
2247,513
2248,409
2249,106
2249,308
2250,129
2250,101
2251,206
2252,604
2252,219
2253,216
2254,115
2254,407
2255,507
2255,412
2256,217
2256,515
2256,220
2257,510
2258,311
2258,122
2258,119
2259,503
2260,604
2260,312
2260,308
2261,120
2262,101
2263,110
2263,215
2264,208
2264,408
2265,305
2265,128
2265,306
2266,123
2267,203
2267,217
2267,125
2268,116
2269,505
2270,206
2271,126
2271,217
2271,509
2272,118
2272,404
2273,121
2274,310
2274,414
2275,212
2275,105
2275,512
2276,601
2277,509
2277,202
2277,603
2278,201
2278,214
2278,209
2279,513
2279,401
2279,502
2280,411
2280,116
2280,515
2281,106
2281,514
2281,108
2282,203
2283,304
2283,603
2283,127
2284,217
2284,213
2285,207
2286,101
2287,307
2287,215
2287,109
2288,219
2289,112
2290,604
2290,506
2290,110
2290,505
2291,123
2291,120
2292,603
2293,129
2294,213
2295,315
2296,602
2296,603
2297,217
2298,107
2298,315
2299,308
2299,413
2300,405
2301,110
2301,301
2301,201
2302,509
2303,511
2303,603
2303,128
2304,122
2305,104
2306,505
2307,124
2307,415
2307,406
2308,503
2308,311
2309,301
2310,103
2311,101
2312,207
2312,203
2313,405
2314,218
2314,120
2314,102
2315,124
2316,115
2317,128
2318,510
2319,602
2320,311
2320,211
2320,103
2321,604
2321,411
2322,312
2322,126
2323,507
2324,219
2325,309
2326,402
2326,315
2326,202
2327,109
2328,128
2329,504
2329,604
2329,406
2330,119
2331,124
2332,204
2333,308
2334,411
2334,314
2334,110
2334,402
2335,407
2335,129
2336,205
2336,512
2336,506
2336,509
2337,413
2337,117
2337,103
2338,406
2339,218
2340,309
2341,515
2342,505
2343,207
2344,212
2344,206
2344,308
2345,602
2346,204
2346,220
2346,205
2346,408
2347,404
2348,302
2349,114
2350,216
2351,514
2352,507
2353,512
2354,109
2354,406
2355,509
2356,410
2357,202
2358,401
2358,107
2358,118
2359,515
2360,202
2361,123
2361,509
2361,209
2362,413
2362,210
2362,114
2363,125
2363,401
2364,214
2365,219
2365,112
2366,116
2367,314
2368,109
2368,104
2369,507
2370,206
2370,212
2370,308
2371,122
2371,412
2372,514
2373,126
2373,204
2373,405
2374,406
2375,303
2376,106
2377,121
2378,602
2378,211
2379,401
2380,505
2380,104
2380,605
2380,105
2381,504
2381,109
2382,202
2383,117
2383,217
2384,511
2385,212
2386,216
2387,119
2387,108
2387,107
2388,413
2389,603
2390,107
2391,301
2391,313
2392,306
2393,214
2393,604
2394,124
2394,513
2395,118
2395,119
2396,302
2396,406
2396,512
2397,217
2398,202
2399,409
2399,406
2399,302
2400,204
2401,415
2401,130
2402,511
2402,110
2402,605
2403,603
2404,408
2405,301
2406,311
2407,308
2408,305
2408,405
2409,412
2409,509
2410,127
2411,313
2412,104
2412,211
2413,604
2413,216
2414,413
2415,111
2416,125
2417,510
2417,106
2418,402
2418,201
2419,602
2420,207
2421,508
2422,410
2422,303
2423,202
2424,401
2425,307
2425,217
2426,315
2427,411
2428,313
2428,110
2428,401
2429,414
2429,209
2430,315
2431,210
2431,122
2432,302
2433,407
2434,118
2434,602
2435,201
2436,213
2437,121
2438,209
2438,508
2439,106
2440,509
2440,203
2441,205
2441,107
2441,506
2442,401
2443,414
2444,306
2444,122
2444,103
2445,215
2446,106
2447,507
2448,307
2448,211
2448,313
2449,218
2450,123
2450,505
2451,122
2452,504
2453,308
2453,218
2453,128
2454,312
2454,407
2455,112
2456,502
2457,211
2457,129
2458,514
2459,407
2460,110
2460,209
2460,220
2461,219
2462,114
2463,413
2463,405
2464,213
2464,127
2464,212
2465,312
2466,103
2467,508
2467,211
2467,127
2468,209
2469,502
2470,119
2471,510
2471,205
2472,414
2472,112
2473,407
2474,515
2474,304
2474,507
2475,115
2475,412
2476,605
2477,413
2478,108
2478,206
2479,211
2480,217
2480,313
2480,202
2480,604
2481,119
2482,305
2482,205
2482,404
2483,512
2483,208
2483,118
2484,122
2484,111
2485,505
2485,301
2485,129
2486,401
2487,510
2488,203
2488,406
2489,110
2490,315
2490,306
2491,505
2491,307
2492,414
2493,125
2494,402
2495,506
2496,601
2497,219
2498,204
2499,311
2500,106
2501,117
2501,315
2501,105
2502,312
2503,313
2503,304
2504,123
2505,114
2505,119
2505,412
2506,415
2506,408
2507,129
2508,501
2508,409
2508,601
2509,311
2509,308
2510,301
2511,113
2512,306
2512,605
2513,411
2513,412
2514,509
2515,312
2516,415
2517,217
2517,127
2517,212
2518,514
2518,202
2519,304
2519,130
2520,314
2521,121
2521,310
2522,203
2523,309
2523,602
2524,114
2524,401
2525,604
2525,113
2526,118
2527,309
2528,204
2528,101
2528,205
2529,126
2529,119
2530,409
2531,412
2531,603
2532,211
2533,507
2534,220
2534,314
2535,201
2536,407
2537,208
2538,512
2539,411
2539,211
2539,515
2540,309
2541,212
2542,315
2543,405
2544,205
2544,203
2545,601
2545,410
2546,510
2547,104
2548,111
2549,220
2550,306
2551,118
2552,502
2553,411
2554,213
2555,110
2556,220
2556,507
2557,111
2557,504
2558,108
2559,504
2559,502
2560,215
2561,107
2562,604
2563,413
2563,410
2564,314
2564,111
2565,501
2565,220
2565,305
2566,106
2567,120
2567,304
2567,404
2568,110
2569,103
2569,604
2570,203
2571,202
2571,502
2572,119
2572,217
2573,205
2573,309
2574,102
2575,125
2575,206
2576,512
2577,515
2578,308
2579,213
2579,116
2580,603
2581,105
2581,605
2582,604
2583,115
2584,205
2584,201
2584,315
2585,206
2586,120
2586,505
2587,212
2587,106
2587,109
2588,507
2589,216
2589,301
2589,601
2590,123
2591,403
2592,120
2593,122
2594,106
2595,602
2595,129
2596,309
2597,127
2597,103
2598,405
2599,130
2599,308
2599,502
2600,206
2601,118
2601,402
2602,219
2603,109
2604,415
2605,130
2606,112
2607,106
2608,210
2609,305
2610,504
2611,411
2612,219
2613,116
2614,205
2615,602
2615,308
2616,503
2617,506
2618,307
2618,408
2618,312
2618,403
2619,505
2620,125
2620,514
2621,407
2621,210
2621,507
2621,403
2622,120
2623,107
2624,402
2625,411
2625,101
2626,308
2627,604
2627,110
2627,203
2627,208
2628,202
2628,128
2629,408
2630,110
2631,111
2631,209
2631,124
2632,118
2633,211
2633,504
2633,103
2633,105
2634,216
2634,510
2635,513
2636,407
2637,601
2638,126
2639,202
2640,209
2641,415
2641,403
2642,114
2642,128
2643,514
2643,208
2644,218
2644,117
2644,511
2645,408
2646,501
2647,407
2648,411
2648,508
2649,202
2649,216
2649,122
2649,310
2649,114
2649,309
2650,503
2651,217
2651,126
2651,603
2652,124
2652,112
2653,109
2653,414
2654,212
2655,405
2655,306
2655,502
2655,415
2656,203
2657,104
2657,311
2658,407
2658,102
2658,108
2658,401
2659,510
2659,213
2659,211
2660,117
2661,409
2661,111
2662,114
2662,310
2662,206
2663,410
2663,105
2664,511
2665,115
2666,119
2667,506
2668,306
2668,301
2668,203
2669,513
2670,105
2671,112
2672,126
2672,110
2672,111
2673,215
2674,412
2674,315
2674,308
2675,415
2675,213
2675,204
2676,116
2676,115
2677,117
2677,121
2678,505
2679,602
2680,506
2680,307
2681,303
2682,210
2682,412
2683,219
2684,130
2685,413
2686,301
2687,208
2688,302
2689,315
2690,514
2690,414
2691,115
2691,215
2691,113
2692,202
2693,220
2693,515
2694,305
2695,512
2696,309
2696,412
2697,217
2697,110
2698,127
2699,206
2700,510
2700,403
2701,120
2702,415
2703,414
2704,204
2705,303
2706,212
2706,112
2707,213
2708,514
2708,304
2708,413
2709,206
2710,311
2711,405
2712,106
2712,216
2713,311
2713,401
2714,117
2714,504
2714,212
2714,113
2715,204
2716,513
2716,307
2716,501
2717,604
2718,306
2719,123
2719,605
2719,119
2720,203
2721,301
2722,124
2723,305
2723,210
2724,303
2725,113
2725,104
2725,411
2726,125
2727,310
2728,504
2728,105
2729,308
2730,314
2731,412
2731,602
2732,210
2733,302
2734,113
2735,311
2736,127
2737,130
2737,410
2738,110
2738,202
2739,511
2740,306
2741,120
2742,215
2743,603
2744,118
2745,406
2746,412
2746,401
2747,515
2748,115
2749,103
2749,203
2750,130
2751,202
2751,114
2752,408
2753,603
2753,601
2754,313
2754,104
2754,502
2755,409
2755,508
2756,127
2756,207
2757,213
2757,204
2758,125
2759,307
2760,126
2760,101
2761,313
2761,414
2762,206
2763,111
2763,504
2764,501
2764,506
2764,105
2765,123
2766,128
2766,130
2767,410
2767,215
2768,122
2768,406
2769,201
2770,117
2770,402
2771,213
2772,505
2773,514
2773,306
2773,106
2774,402
2775,401
2775,115
2776,215
2777,515
2778,315
2779,312
2779,408
2779,406
2780,407
2780,306
2780,101
2781,103
2781,118
2782,307
2783,113
2784,103
2785,408
2786,512
2787,604
2788,101
2788,201
2788,413
2789,116
2789,115
2790,504
2790,123
2791,102
2792,106
2792,209
2793,216
2793,515
2793,509
2794,111
2795,402
2796,208
2797,415
2798,503
2799,302
2800,511
2801,514
2801,203
2801,601
2802,505
2803,414
2803,402
2804,601
2804,214
2804,115
2805,504
2805,313
2806,504
2807,220
2807,109
2808,604
2809,206
2809,109
2810,513
2810,410
2811,404
2812,215
2812,103
2813,308
2814,217
2815,110
2815,206
2816,125
2817,108
2817,507
2818,309
2818,514
2819,113
2819,301
2820,311
2821,408
2822,127
2823,122
2824,116
2824,113
2825,205
2825,212
2825,120
2825,604
2826,119
2826,305
2826,127
2827,110
2828,405
2829,301
2829,513
2829,506
2830,220
2830,404
2830,122
2831,128
2831,309
2832,411
2833,311
2833,407
2834,203
2834,303
2835,217
2835,118
2836,121
2837,603
2837,514
2838,216
2839,304
2840,127
2840,401
2840,310
2840,212
2841,206
2842,306
2843,124
2844,202
2844,415
2845,217
2846,213
2846,114
2847,117
2847,115
2848,406
2848,512
2849,114
2849,106
2849,602
2850,105
2851,503
2852,101
2852,217
2852,121
2853,314
2854,502
2855,507
2855,104
2856,107
2856,405
2857,402
2858,311
2858,214
2858,508
2859,601
2860,105
2860,120
2861,304
2862,406
2863,315
2864,410
2864,107
2865,313
2866,205
2867,509
2867,101
2867,207
2868,206
2869,121
2869,117
2870,415
2870,105
2871,204
2872,112
2872,205
2872,413
2873,501
2874,215
2874,302
2875,206
2875,408
2876,115
2877,305
2877,304
2878,404
2878,130
2878,411
2879,508
2880,120
2881,301
2881,125
2882,105
2883,504
2884,605
2885,407
2885,218
2886,308
2887,309
2888,513
2889,101
2889,103
2890,213
2891,313
2891,509
2891,113
2891,219
2892,301
2893,218
2894,214
2894,126
2895,203
2895,411
2896,503
2897,103
2897,217
2898,604
2899,216
2900,410
2901,301
2902,110
2902,219
2902,113
2903,206
2903,406
2903,217
2904,307
2905,508
2906,306
2907,601
2907,213
2907,204
2908,311
2908,120
2908,506
2909,203
2909,501
2910,514
2911,301
2911,313
2912,122
2912,118
2913,312
2914,211
2915,120
2915,503
2915,515
2915,116
2916,202
2916,414
2917,508
2917,118
2917,212
2918,119
2918,309
2919,411
2920,211
2921,207
2921,117
2921,514
2922,125
2922,205
2922,402
2923,212
2923,310
2924,407
2925,216
2925,206
2925,121
2926,504
2927,211
2928,204
2929,603
2930,123
2931,114
2932,115
2933,605
2933,414
2934,219
2934,604
2934,307
2935,105
2935,106
2936,301
2937,601
2937,107
2938,127
2939,211
2939,507
2940,508
2940,307
2941,403
2941,110
2942,305
2942,220
2943,206
2944,310
2945,405
2945,205
2946,126
2946,123
2946,410
2947,103
2947,305
2948,217
2949,406
2949,125
2950,129
2950,303
2951,513
2952,605
2952,514
2953,215
2954,601
2955,314
2955,202
2955,407
2956,101
2957,105
2957,201
2958,129
2959,218
2960,212
2961,511
2961,410
2961,128
2962,510
2962,414
2963,103
2964,308
2964,501
2965,126
2966,107
2967,212
2968,408
2968,602
2969,605
2970,308
2971,206
2972,212
2972,401
2973,408
2974,410
2975,515
2976,115
2976,513
2976,114
2976,503
2977,208
2977,128
2978,127
2978,511
2979,402
2979,406
2980,415
2981,207
2982,405
2982,413
2982,120
2983,415
2983,602
2983,509
2983,315
2983,405
2984,308
2985,406
2986,601
2987,204
2987,123
2988,206
2988,311
2989,108
2989,505
2989,119
2990,215
2991,102
2992,511
2993,207
2994,405
2995,204
2995,602
2996,402
2996,411
2997,208
2997,511
2997,116
2998,301
2998,206
2999,503
2999,121
2999,104
3000,406
3001,102
3001,415
3001,402
3002,506
3003,407
3004,130
3005,511
3005,208
3005,605
3005,109
3006,515
3006,501
3007,509
3008,309
3009,309
3009,511
3010,502
3011,206
3012,513
3013,101
3013,105
3014,125
3015,510
3015,603
3016,605
3016,119
3016,403
3016,109
3016,307
3017,306
3017,512
3017,209
3018,202
3019,105
3019,312
3019,511
3020,219
3021,604
3022,402
3023,204
3024,601
3025,309
3026,307
3027,217
3027,120
3028,211
3028,502
3028,119
3028,602
3029,203
3029,124
3029,218
3029,122
3030,510
3031,504
3032,513
3032,117
3033,125
3034,410
3034,116
3034,306
3035,123
3035,104
3035,411
3036,505
3037,404
3038,106
3039,102
3040,112
3041,311
3042,219
3043,411
3044,126
3045,118
3045,506
3045,117
3045,507
3046,109
3046,123
3047,407
3048,119
3049,514
3050,220
3051,104
3052,208
3053,217
3054,128
3054,315
3055,602
3055,407
3055,204
3056,503
3057,508
3057,201
3057,124
3058,515
3059,214
3060,219
3060,212
3061,303
3062,410
3062,310
3063,510
3064,502
3065,514
3066,604
3067,406
3067,128
3067,218
3068,209
3068,127
3069,104
3070,501
3071,511
3071,201
3072,130
3073,302
3073,211
3073,117
3074,505
3075,101
3075,215
3076,113
3077,126
3077,108
3078,315
3079,120
3080,203
3080,515
3081,313
3081,405
3082,514
3083,218
3084,111
3085,114
3086,509
3087,408
3088,512
3089,209
3090,510
3091,413
3091,305
3091,515
3092,302
3093,102
3094,206
3095,128
3095,202
3095,405
3096,115
3097,506
3097,105
3097,115
3098,504
3098,124
3098,128
3099,107
3099,106
3100,220
3101,410
3101,117
3102,503
3103,105
3104,201
3105,504
3106,205
3107,218
3108,603
3108,220
3109,413
3110,301
3110,116
3110,513
3111,509
3112,117
3112,302
3112,604
3113,409
3114,130
3115,115
3116,406
3117,408
3117,510
3118,412
3118,218
3118,515
3119,118
3120,414
3120,313
3120,124
3121,314
3121,219
3122,105
3122,507
3123,510
3124,104
3124,409
3124,302
3125,116
3126,513
3127,210
3128,109
3129,203
3129,101
3129,113
3130,303
3131,124
3131,202
3132,512
3133,402
3134,312
3135,105
3136,311
3136,205
3136,112
3137,108
3138,301
3139,205
3139,111
3139,302
3140,315
3141,210
3142,403
3143,108
3143,605
3143,307
3144,603
3144,508
3145,212
3146,216
3146,125
3146,515
3147,513
3147,109
3148,501
3148,124
3149,415
3149,215
3150,507
3150,602
3150,120
3151,503
3152,101
3153,515
3154,506
3154,119
3155,303
3156,303
3157,413
3158,503
3159,302
3160,405
3161,112
3162,214
3163,124
3163,122
3163,118
3164,123
3165,302
3165,307
3166,513
3166,210
3167,305
3167,124
3168,219
3169,127
3170,311
3171,217
3172,126
3173,601
3174,105
3174,128
3174,106
3175,407
3176,604
3176,210
3176,215
3177,218
3177,307
3178,127
3179,410
3180,409
3181,505
3182,408
3182,212
3183,104
3183,405
3184,128
3185,123
3185,112
3186,206
3187,412
3188,605
3189,315
3190,213
3190,301
3190,204
3191,107
3191,220
3192,106
3192,307
3192,410
3192,130
3193,215
3193,513
3194,505
3195,208
3195,505
3196,102
3197,127
3198,203
3199,512
3199,309
3200,206
3200,313
3200,128
3201,508
3202,126
3202,604
3202,105
3203,104
3204,514
3204,207
3204,409
3205,301
3206,121
3206,116
3206,208
3207,303
3208,106
3208,601
3209,217
3209,219
3210,206
3211,314
3212,208
3212,121
3213,406
3214,220
3215,210
3215,401
3216,220
3216,125
3216,603
3217,502
3217,111
3217,408
3218,204
3218,219
3219,218
3219,113
3220,411
3220,404
3220,115
3221,312
3221,127
3222,117
3222,212
3222,219
3222,128
3222,508
3223,310
3224,601
3225,117
3225,202
3225,218
3225,115
3226,512
3227,119
3228,413
3228,127
3229,209
3229,208
3230,410
3231,302
3231,406
3232,123
3233,401
3234,101
3235,405
3236,406
3237,502
3238,118
3239,411
3240,127
3240,402
3241,217
3242,602
3243,315
3244,123
3244,220
3245,128
3246,305
3247,126
3248,414
3249,304
3249,503
3249,203
3249,402
3250,211
3251,122
3251,213
3251,509
3251,214
3252,408
3253,215
3254,407
3255,601
3255,210
3255,313
3255,511
3256,202
3257,410
3258,302
3258,205
3258,126
3259,401
3260,110
3260,304
3261,115
3261,505
3261,601
3261,127
3262,309
3263,512
3263,604
3264,105
3264,507
3264,117
3265,209
3266,123
3267,130
3268,305
3268,604
3268,213
3269,211
3270,406
3270,220
3270,207
3270,118
3271,501
3271,510
3272,311
3273,114
3273,412
3274,215
3275,314
3275,206
3276,103
3277,104
3278,308
3278,106
3279,315
3279,505
3279,201
3280,404
3281,123
3282,201
3283,204
3284,128
3285,209
3286,414
3287,304
3288,409
3288,414
3288,514
3289,305
3289,105
3290,127
3291,220
3292,313
3293,106
3293,203
3294,208
3294,120
3295,311
3296,401
3297,213
3297,207
3297,113
3298,408
3298,513
3298,414
3299,307
3300,302
3301,301
3301,113
3302,115
3303,211
3304,110
3304,309
3305,406
3306,403
3307,115
3307,314
3308,312
3308,128
3309,207
3309,109
3310,414
3311,204
3312,302
3312,125
3312,510
3313,315
3314,303
3315,306
3316,104
3317,210
3318,310
3319,205
3320,102
3321,112
3322,113
3322,201
3322,102
3323,125
3324,409
3324,205
3324,217
3325,208
3325,508
3325,129
3326,128
3327,505
3328,125
3328,207
3329,503
3330,311
3331,108
3332,130
3333,412
3333,401
3333,405
3333,504
3334,112
3334,106
3334,601
3335,220
3336,205
3337,215
3337,302
3338,121
3338,414
3339,514
3339,213
3340,411
3341,314
3342,102
3343,130
3344,412
3344,512
3344,305
3344,112
3345,502
3346,405
3347,414
3347,109
3347,505
3348,208
3349,118
3350,307
3350,409
3351,604
3351,512
3352,217
3352,506
3353,210
3354,208
3355,202
3356,507
3357,506
3358,209
3359,209
3360,213
3360,410
3361,209
3361,512
3362,108
3362,205
3362,114
3362,117
3363,121
3363,205
3364,407
3365,507
3365,603
3366,503
3367,512
3367,411
3368,124
3368,605
3369,414
3370,209
3371,308
3372,603
3372,415
3373,602
3373,511
3374,507
3374,307
3374,406
3375,203
3375,217
3375,108
3376,114
3377,123
3378,504
3379,102
3380,122
3380,116
3380,213
3380,207
3381,214
3381,501
3382,312
3382,129
3383,212
3383,119
3383,501
3384,313
3384,211
3384,219
3384,204
3385,603
3386,209
3386,217
3387,401
3387,113
3388,412
3389,104
3389,407
3389,308
3390,410
3390,309
3391,305
3391,406
3392,514
3393,401
3393,108
3393,214
3394,124
3394,208
3394,114
3395,116
3396,220
3396,129
3396,314
3397,127
3398,113
3398,506
3399,307
3400,514
3401,511
3401,219
3402,210
3402,309
3402,112
3403,402
3404,413
3405,505
3406,301
3407,403
3408,125
3409,314
3409,208
3410,510
3411,111
3412,402
3413,604
3413,315
3414,313
3414,511
3414,127
3414,205
3415,411
3416,203
3417,116
3418,602
3419,205
3419,120
3419,605
3420,503
3420,113
3420,103
3421,510
3422,219
3423,124
3424,504
3425,126
3426,115
3427,208
3428,110
3429,408
3429,207
3430,109
3431,605
3432,211
3433,404
3433,118
3434,126
3435,504
3436,405
3436,412
3437,101
3438,401
3438,216
3439,308
3440,106
3441,130
3441,313
3442,403
3443,220
3443,513
3443,402
3444,204
3445,501
3445,123
3445,105
3446,509
3447,411
3447,205
3448,508
3449,112
3449,107
3450,127
3450,311
3450,414
3451,408
3452,314
3453,301
3453,415
3454,403
3454,102
3455,515
3455,113
3456,124
3457,304
3457,210
3458,112
3459,313
3459,125
3460,504
3461,307
3461,113
3461,110
3461,128
3462,603
3463,302
3464,213
3465,401
3466,204
3466,308
3467,412
3468,408
3468,126
3468,121
3468,409
3468,206
3469,315
3469,128
3470,511
3470,403
3471,604
3471,125
3471,209
3472,515
3473,305
3474,511
3475,415
3476,214
3477,209
3477,407
3478,101
3478,505
3478,401
3479,127
3480,201
3481,413
3482,102
3482,411
3482,205
3483,303
3483,125
3484,214
3485,513
3486,212
3486,107
3486,307
3487,101
3488,412
3488,310
3488,601
3489,202
3490,508
3491,122
3492,604
3493,403
3494,111
3495,208
3496,505
3497,315
3498,120
3498,307
3499,214
3499,506
3499,115
3500,122
3501,308
3502,314
3502,214
3503,513
3503,206
3504,408
3504,121
3504,208
3505,502
3506,310
3506,220
3506,312
3507,209
3508,308
3508,211
3508,109
3509,408
3510,604
3510,101
3511,210
3512,411
3513,127
3514,207
3515,303
3516,406
3517,503
3517,415
3517,414
3518,208
3519,117
3520,403
3521,218
3522,315
3523,210
3523,412
3524,306
3524,107
3524,502
3525,205
3526,504
3527,118
3528,414
3529,111
3530,406
3531,208
3532,106
3533,308
3533,114
3534,213
3534,410
3534,304
3535,306
3535,208
3535,311
3536,401
3537,404
3538,212
3538,107
3539,119
3539,220
3540,102
3540,115
3540,412
3541,406
3541,601
3542,403
3543,112
3544,201
3545,119
3545,408
3546,216
3547,406
3547,201
3548,112
3548,119
3549,510
3549,514
3550,302
3551,404
3552,212
3552,117
3552,404
3553,304
3554,209
3554,123
3555,208
3556,509
3557,122
3557,119
3558,130
3558,219
3559,601
3560,411
3561,107
3562,212
3563,201
3564,311
3565,403
3565,109
3566,303
3566,507
3567,128
3568,122
3569,307
3569,408
3569,104
3570,414
3571,604
3571,208
3572,212
3572,129
3573,126
3574,501
3574,402
3574,104
3575,114
3575,410
3576,302
3577,113
3577,102
3577,308
3578,219
3579,103
3580,111
3581,405
3582,201
3583,511
3583,403
3583,414
3583,512
3583,311
3584,404
3585,603
3585,208
3586,201
3587,301
3588,604
3588,119
3589,109
3589,415
3590,113
3590,204
3591,206
3591,130
3591,515
3592,215
3592,605
3592,130
3593,204
3593,301
3593,219
3594,125
3594,105
3594,207
3594,203
3595,302
3596,209
3597,409
3598,102
3598,123
3599,106
3600,204
3600,212
3601,410
3602,407
3602,117
3603,313
3604,508
3605,407
3605,124
3606,113
3606,314
3607,501
3607,219
3608,407
3609,502
3610,114
3611,217
3611,127
3611,305
3611,218
3612,501
3612,119
3613,309
3613,215
3613,512
3614,510
3614,117
3615,315
3615,511
3616,125
3617,127
3618,215
3619,414
3620,504
3620,302
3620,403
3621,212
3621,513
3622,220
3622,213
3623,514
3624,205
3625,514
3626,401
3626,114
3627,601
3628,306
3629,515
3629,216
3629,502
3630,123
3631,102
3631,124
3632,122
3632,604
3633,210
3633,216
3633,311
3634,108
3634,207
3635,129
3636,309
3637,105
3638,201
3638,405
3639,202
3639,114
3640,208
3640,403
3640,118
3641,506
3642,407
3643,315
3644,110
3645,206
3646,129
3647,405
3648,604
3649,502
3650,108
3651,106
3652,118
3652,128
3653,216
3654,122
3654,501
3654,510
3655,413
3655,103
3655,402
3655,504
3656,310
3657,106
3658,111
3659,505
3660,302
3660,118
3660,403
3660,602
3661,410
3662,104
3662,128
3662,315
3663,123
3664,312
3665,308
3665,219
3666,605
3667,313
3668,601
3668,408
3669,304
3670,312
3671,512
3672,411
3673,129
3674,109
3674,123
3674,119
3675,214
3675,402
3675,601
3676,403
3677,218
3678,502
3679,604
3680,404
3680,211
3680,406
3681,110
3681,413
3682,124
3683,107
3684,505
3684,210
3684,503
3685,207
3685,512
3685,603
3685,501
3686,201
3687,206
3687,508
3688,406
3689,514
3689,413
3689,202
3689,109
3689,107
3690,102
3690,212
3691,511
3692,401
3693,402
3694,118
3695,115
3695,114
3695,511
3696,303
3697,513
3697,509
3698,302
3698,306
3698,220
3699,502
3699,206
3700,304
3701,219
3702,104
3702,123
3703,203
3704,208
3704,215
3705,505
3706,110
3707,313
3707,214
3708,303
3709,514
3709,402
3710,212
3710,127
3710,112
3711,604
3712,314
3712,503
3713,120
3714,502
3714,309
3715,129
3716,124
3717,101
3717,411
3718,501
3718,407
3719,214
3719,404
3720,512
3721,405
3722,508
3722,603
3723,118
3724,202
3725,410
3726,205
3726,505
3727,129
3728,304
3729,124
3730,408
3731,201
3731,107
3732,508
3732,406
3733,204
3733,306
3733,122
3733,218
3734,504
3735,507
3736,603
3737,311
3737,307
3737,214
3737,116
3738,205
3738,304
3739,512
3739,117
3740,127
3741,604
3742,129
3743,107
3744,503
3744,411
3745,514
3746,111
3747,127
3747,106
3747,211
3747,121
3748,202
3748,509
3749,117
3749,306
3749,205
3750,310
3750,602
3751,130
3752,113
3753,514
3754,213
3755,307
3756,401
3757,117
3758,128
3759,402
3759,115
3759,105
3760,409
3761,514
3762,106
3762,512
3763,110
3763,216
3763,206
3763,603
3764,410
3764,303
3765,109
3765,403
3766,407
3766,509
3767,107
3768,122
3769,219
3770,105
3770,406
3770,124
3770,601
3771,103
3772,602
3772,504
3773,309
3774,218
3774,202
3774,304
3775,127
3776,201
3776,303
3777,511
3777,513
3777,212
3778,511
3778,212
3779,104
3780,412
3780,204
3781,411
3781,103
3782,405
3782,219
3783,514
3784,312
3784,301
3785,115
3785,601
3786,203
3786,208
3787,207
3787,115
3787,506
3787,101
3788,204
3788,202
3789,201
3789,306
3789,127
3790,604
3791,207
3792,118
3793,410
3794,216
3794,126
3795,215
3795,301
3796,121
3797,220
3797,218
3798,302
3799,313
3800,605
3800,203
3800,217
3801,120
3801,218
3802,304
3802,314
3803,108
3803,213
3803,514
3804,505
3804,502
3804,128
3805,210
3806,106
3806,210
3806,119
3807,407
3807,406
3808,411
3808,310
3809,107
3810,109
3810,220
3811,119
3812,303
3812,122
3813,505
3814,402
3815,605
3815,306
3816,414
3817,604
3818,120
3819,124
3819,509
3819,211
3819,127
3820,312
3820,218
3820,602
3821,409
3822,309
3823,415
3823,601
3824,314
3824,129
3825,306
3825,203
3826,603
3827,507
3827,211
3827,514
3828,203
3829,313
3829,207
3830,116
3831,115
3831,511
3832,210
3832,504
3832,309
3833,216
3833,308
3834,410
3835,207
3836,515
3836,109
3836,508
3837,303
3838,118
3839,112
3840,408
3841,413
3842,601
3842,412
3843,219
3844,204
3844,111
3845,120
3846,301
3847,412
3848,117
3848,604
3848,511
3849,402
3850,210
3850,124
3851,309
3852,301
3852,605
3853,209
3853,512
3853,214
3853,124
3854,123
3855,106
3856,410
3857,113
3857,502
3858,414
3858,205
3859,110
3860,407
3860,304
3861,304
3862,305
3862,513
3863,209
3864,126
3864,505
3865,502
3866,310
3866,302
3866,103
3866,216
3867,125
3867,414
3868,309
3869,510
3870,128
3871,206
3872,108
3872,403
3872,117
3872,413
3873,311
3874,414
3875,212
3876,411
3877,114
3877,303
3878,118
3879,308
3879,502
3880,110
3881,212
3882,507
3883,202
3883,514
3884,212
3885,505
3886,303
3887,409
3887,106
3887,220
3888,101
3888,408
3888,208
3889,313
3889,206
3889,603
3889,130
3889,210
3890,306
3890,415
3890,411
3891,509
3891,215
3892,213
3893,304
3894,102
3895,210
3896,411
3896,211
3897,106
3898,217
3899,506
3899,311
3900,120
3901,118
3901,110
3901,111
3901,103
3902,513
3903,125
3903,114
3903,312
3903,505
3904,401
3905,126
3906,510
3906,121
3907,216
3908,304
3908,407
3909,205
3910,209
3910,410
3911,109
3912,118
3913,105
3914,124
3914,507
3915,129
3916,306
3917,130
3918,313
3918,409
3918,112
3919,515
3920,407
3920,312
3921,114
3921,202
3922,120
3922,308
3923,315
3924,204
3925,506
3926,109
3927,306
3928,308
3928,106
3929,215
3930,118
3931,308
3931,217
3932,110
3933,508
3934,220
3934,126
3934,601
3935,205
3936,308
3936,505
3936,605
3937,115
3937,515
3938,510
3939,109
3939,203
3940,121
3941,129
3941,602
3942,218
3943,312
3944,514
3945,506
3945,220
3946,106
3946,510
3947,216
3948,201
3948,212
3949,120
3950,407
3950,409
3950,102
3951,313
3951,116
3952,103
3953,209
3954,218
3955,120
3956,115
3956,205
3957,121
3958,216
3959,401
3959,130
3960,104
3961,514
3962,310
3963,415
3964,113
3964,403
3965,110
3966,512
3966,513
3966,403
3967,121
3967,123
3967,215
3968,102
3968,118
3969,503
3969,117
3969,129
3969,413
3970,220
3971,208
3971,201
3971,113
3971,301
3972,213
3973,128
3974,604
3975,512
3976,407
3976,213
3976,119
3976,504
3977,502
3978,301
3979,405
3979,503
3979,507
3979,128
3980,117
3981,414
3981,109
3981,305
3982,127
3983,509
3984,414
3984,217
3985,212
3986,119
3986,501
3987,207
3987,210
3987,110
3987,503
3988,313
3988,104
3989,202
3990,128
3990,411
3991,303
3991,401
3992,218
3992,308
3993,510
3993,515
3993,111
3993,414
3994,312
3994,204
3995,412
3996,126
3996,116
3996,113
3997,112
3998,503
3998,106
3998,313
3998,208
3999,217
4000,214
4001,504
4002,106
4002,401
4002,506
4003,109
4003,414
4004,115
4005,119
4006,301
4007,126
4008,105
4009,307
4010,205
4010,415
4010,510
4011,220
4011,501
4011,108
4012,103
4013,308
4014,411
4015,117
4015,130
4016,126
4017,313
4017,514
4017,118
4018,309
4018,501
4019,303
4019,605
4019,117
4019,603
4020,114
4021,311
4022,315
4023,301
4024,313
4024,501
4025,603
4025,406
4025,129
4026,213
4027,115
4028,304
4028,308
4028,215
4029,404
4030,506
4031,510
4032,107
4033,114
4034,219
4035,106
4036,409
4036,502
4037,204
4038,601
4038,413
4038,511
4039,220
4040,415
4041,215
4042,112
4043,213
4044,123
4044,514
4045,114
4045,603
4046,510
4047,105
4048,117
4049,206
4049,104
4049,211
4050,502
4050,202
4050,508
4051,101
4051,118
4052,121
4052,113
4052,603
4053,409
4053,203
4054,128
4054,210
4054,308
4054,220
4055,408
4056,413
4057,312
4058,116
4059,510
4059,310
4060,502
4060,603
4060,117
4061,308
4062,401
4063,220
4064,414
4064,509
4065,602
4066,112
4067,508
4068,302
4069,502
4070,206
4070,123
4070,415
4070,213
4071,202
4071,503
4071,201
4072,116
4073,111
4073,511
4073,409
4074,113
4075,513
4076,508
4076,217
4077,602
4078,107
4079,102
4080,128
4081,124
4081,108
4082,310
4083,109
4084,206
4085,602
4085,507
4085,406
4086,301
4087,312
4088,410
4089,506
4089,101
4090,503
4090,114
4091,406
4092,515
4092,204
4093,511
4093,102
4094,122
4094,407
4095,415
4095,401
4096,413
4096,103
4097,310
4098,605
4098,129
4099,408
4099,102
4099,107
4100,206
4100,127
4101,106
4102,307
4102,306
4102,220
4103,128
4104,116
4105,412
4105,415
4106,408
4106,301
4107,602
4108,207
4108,118
4109,113
4110,213
4110,402
4111,311
4112,515
4113,602
4114,605
4115,310
4115,128
4116,102
4117,110
4118,113
4118,410
4119,404
4120,505
4121,401
4121,126
4122,216
4123,205
4124,401
4125,302
4126,217
4126,407
4127,404
4127,101
4127,311
4128,120
4129,407
4129,113
4129,211
4130,122
4131,304
4132,513
4132,106
4132,109
4133,409
4134,508
4134,407
4135,506
4136,112
4137,106
4137,414
4137,124
4138,509
4138,505
4139,126
4139,125
4140,402
4140,513
4141,404
4142,113
4143,306
4143,211
4144,311
4145,104
4146,114
4147,502
4147,103
4147,302
4147,404
4148,114
4149,121
4149,411
4150,116
4151,402
4152,305
4152,407
4153,304
4153,505
4153,217
4153,101
4154,201
4155,117
4155,307
4156,601
4157,301
4158,309
4159,308
4159,604
4160,127
4160,104
4160,206
4160,109
4160,123
4161,208
4162,603
4163,204
4164,514
4165,509
4166,314
4167,506
4168,218
4169,216
4170,514
4171,112
4172,501
4172,512
4173,406
4173,505
4173,408
4174,218
4174,113
4175,208
4175,407
4176,126
4177,302
4177,109
4177,313
4178,406
4178,110
4179,602
4179,413
4180,309
4180,311
4181,107
4182,605
4182,604
4183,506
4183,309
4184,512
4184,502
4185,407
4186,126
4187,110
4188,217
4189,312
4189,604
4189,503
4190,411
4191,205
4192,215
4193,112
4194,127
4194,412
4195,101
4196,508
4196,403
4196,514
4197,126
4198,404
4198,216
4199,105
4199,102
4199,206
4200,506
4201,218
4202,130
4203,305
4204,114
4205,507
4206,107
4206,215
4207,410
4208,412
4209,310
4210,119
4210,409
4211,130
4212,111
4212,102
4213,603
4214,502
4215,504
4215,208
4216,507
4216,406
4217,211
4218,217
4218,117
4218,307
4219,413
4220,407
4220,511
4221,605
4221,402
4222,314
4222,301
4222,603
4222,401
4223,112
4224,215
4224,410
4224,116
4225,220
4225,204
4225,507
4226,121
4227,119
4227,202
4228,404
4229,403
4230,207
4231,313
4231,312
4231,211
4232,308
4233,510
4234,209
4235,127
4235,506
4236,203
4237,111
4238,311
4239,115
4239,207
4240,108
4241,106
4241,412
4242,125
4243,211
4243,206
4243,111
4243,505
4244,309
4244,105
4245,312
4246,120
4246,513
4247,405
4248,109
4248,305
4248,413
4248,209
4249,111
4249,406
4250,303
4251,503
4252,108
4252,513
4253,108
4254,306
4255,125
4255,407
4256,116
4256,107
4257,102
4258,216
4258,312
4258,412
4258,111
4259,208
4259,505
4259,210
4260,403
4261,112
4262,204
4263,102
4263,503
4264,504
4264,105
4265,211
4266,511
4266,220
4266,508
4267,205
4267,511
4268,115
4269,310
4270,314
4271,605
4271,102
4271,509
4272,216
4273,126
4273,510
4274,603
4275,412
4276,212
4276,110
4277,312
4278,127
4278,501
4278,201
4279,119
4280,218
4280,407
4280,213
4281,305
4282,309
4283,114
4283,219
4284,202
4285,510
4285,504
4286,214
4286,209
4286,508
4286,201
4287,602
4288,310
4289,603
4290,305
4291,410
4292,219
4293,107
4293,127
4294,501
4295,219
4296,207
4297,509
4297,212
4297,514
4298,409
4299,304
4300,411
4301,107
4302,404
4302,210
4303,117
4304,504
4304,301
4305,313
4306,126
4306,514
4307,306
4308,307
4309,120
4309,605
4310,210
4310,202
4311,405
4311,506
4311,414
4312,515
4313,508
4313,602
4313,407
4314,413
4315,404
4315,310
4316,502
4316,603
4317,315
4318,408
4318,306
4318,405
4319,126
4320,414
4321,212
4322,115
4323,510
4323,219
4323,307
4324,202
4324,409
4324,208
4325,101
4325,605
4326,122
4327,123
4328,111
4329,313
4329,219
4330,307
4331,218
4332,211
4332,128
4333,408
4334,508
4334,507
4334,206
4335,116
4335,130
4336,411
4337,506
4338,130
4338,402
4339,210
4340,409
4340,513
4341,515
4342,123
4342,205
4343,108
4344,602
4345,307
4346,220
4346,303
4346,112
4347,313
4348,510
4348,502
4349,122
4349,210
4349,403
4350,115
4351,403
4352,212
4352,505
4352,111
4352,207
4353,301
4353,305
4354,409
4355,213
4356,111
4356,208
4357,502
4358,503
4359,407
4360,514
4361,130
4362,311
4363,312
4364,209
4364,127
4364,309
4365,220
4366,122
4367,202
4368,409
4369,110
4369,405
4369,111
4370,118
4371,603
4372,511
4372,127
4373,604
4374,315
4374,604
4375,203
4376,110
4377,603
4378,109
4379,112
4380,215
4381,402
4381,205
4381,405
4382,401
4382,512
4382,124
4383,414
4384,408
4385,412
4385,211
4386,205
4387,112
4387,303
4388,122
4388,202
4388,209
4388,103
4389,507
4389,126
4389,125
4389,120
4390,514
4391,601
4391,515
4391,201
4392,101
4392,107
4392,511
4393,206
4393,508
4394,307
4394,103
4395,415
4395,402
4396,405
4397,412
4398,205
4399,306
4399,407
4399,508
4399,502
4399,106
4400,127
4401,119
4401,102
4402,121
4403,307
4404,410
4404,409
4405,213
4405,601
4405,603
4406,124
4407,127
4407,310
4408,130
4409,126
4409,208
4410,205
4410,304
4411,123
4412,215
4413,120
4414,309
4415,502
4416,105
4417,509
4417,303
4418,304
4418,209
4419,505
4420,302
4421,406
4422,411
4423,308
4424,212
4424,401
4425,126
4425,505
4426,114
4427,124
4427,406
4428,206
4428,312
4429,118
4430,210
4431,126
4432,602
4433,413
4434,512
4435,507
4435,122
4436,511
4437,503
4438,211
4439,602
4440,207
4440,310
4440,504
4440,109
4441,211
4442,310
4442,313
4443,129
4444,218
4444,213
4444,219
4445,514
4446,101
4447,406
4447,304
4448,126
4448,404
4449,215
4449,210
4450,313
4450,309
4451,601
4452,116
4453,204
4454,127
4455,308
4455,120
4456,102
4456,412
4457,104
4458,217
4459,206
4459,502
4459,208
4460,220
4460,115
4461,306
4462,114
4463,509
4463,603
4464,127
4464,413
4465,116
4466,109
4466,118
4466,313
4467,108
4468,128
4469,118
4469,124
4470,514
4471,120
4471,407
4471,314
4471,117
4472,503
4473,103
4474,511
4474,415
4475,506
4476,125
4477,214
4478,130
4478,602
4479,105
4480,315
4480,510
4481,504
4482,404
4482,605
4482,113
4482,314
4483,201
4484,110
4485,218
4486,309
4486,601
4487,511
4487,401
4488,415
4489,128
4490,502
4490,110
4490,124
4491,215
4492,212
4492,117
4492,412
4493,107
4494,313
4494,510
4495,509
4495,109
4496,113
4497,216
4497,307
4497,601
4498,302
4498,404
4499,510
4500,211
4501,121
4501,101
4501,213
4502,313
4503,302
4503,214
4503,505
4504,118
4504,207
4505,601
4506,130
4507,603
4508,109
4508,220
4509,204
4509,515
4510,410
4511,603
4511,501
4512,208
4512,513
4513,301
4514,212
4515,414
4515,111
4516,503
4516,410
4516,603
4517,407
4517,219
4518,312
4519,104
4519,116
4520,109
4520,514
4520,507
4521,406
4521,305
4521,115
4522,115
4523,213
4523,110
4523,123
4524,113
4524,312
4525,305
4526,204
4527,411
4527,205
4528,605
4529,514
4530,302
4531,515
4531,126
4531,104
4531,105
4532,410
4533,514
4534,120
4535,512
4535,110
4535,121
4535,211
4536,112
4537,129
4538,310
4539,209
4540,501
4540,304
4541,303
4542,305
4543,314
4543,604
4544,401
4545,207
4545,111
4546,412
4546,312
4546,513
4547,104
4547,113
4548,101
4548,214
4549,125
4550,505
4550,111
4550,515
4551,212
4552,413
4552,101
4552,129
4552,503
4553,114
4554,118
4555,601
4556,310
4556,127
4556,118
4557,309
4558,211
4559,107
4559,215
4559,109
4560,502
4561,106
4562,301
4562,511
4563,410
4563,218
4564,501
4564,214
4565,127
4566,109
4566,213
4566,204
4566,110
4567,117
4567,512
4567,114
4568,105
4568,406
4569,505
4569,312
4570,209
4571,511
4572,315
4573,405
4574,408
4575,411
4575,311
4576,120
4576,215
4576,308
4577,119
4577,415
4578,117
4579,203
4579,313
4580,126
4580,103
4581,511
4581,129
4582,403
4583,415
4584,410
4584,208
4585,413
4585,207
4586,312
4586,512
4586,603
4587,513
4587,507
4588,105
4588,115
4588,101
4589,220
4590,128
4591,410
4592,103
4592,212
4592,509
4593,602
4593,211
4593,117
4593,301
4594,121
4595,211
4595,501
4596,311
4597,108
4598,307
4598,604
4599,118
4600,410
4601,411
4601,404
4602,130
4603,314
4604,404
4605,108
4605,510
4606,211
4607,123
4607,502
4608,602
4609,312
4610,504
4611,515
4611,401
4612,503
4612,501
4612,408
4613,103
4614,205
4615,508
4615,407
4616,116
4617,208
4617,214
4617,106
4618,505
4618,605
4619,410
4620,106
4621,414
4621,111
4621,207
4622,113
4622,105
4622,302
4623,513
4623,202
4624,407
4625,212
4626,214
4626,121
4627,415
4628,501
4629,210
4629,104
4629,305
4630,512
4631,407
4632,126
4632,301
4633,125
4633,511
4634,408
4635,508
4635,410
4636,303
4636,122
4636,214
4636,313
4637,208
4638,304
4639,301
4639,120
4639,113
4640,209
4640,409
4641,128
4642,605
4642,117
4643,405
4644,124
4644,114
4645,102
4646,513
4646,313
4647,104
4648,506
4649,415
4649,116
4650,104
4650,208
4651,213
4652,127
4653,409
4654,604
4655,306
4655,512
4656,314
4657,304
4658,218
4659,117
4660,302
4661,402
4661,128
4662,219
4662,404
4662,104
4663,104
4663,113
4664,405
4665,511
4666,204
4667,129
4668,506
4668,301
4668,509
4668,121
4669,312
4669,414
4669,201
4670,120
4671,201
4672,214
4673,126
4674,104
4675,604
4675,213
4675,212
4675,405
4676,107
4677,315
4678,303
4679,203
4680,208
4680,213
4681,201
4682,506
4683,411
4684,215
4684,111
4685,120
4685,210
4686,109
4687,113
4688,202
4688,106
4689,513
4689,204
4690,113
4691,106
4691,314
4692,602
4692,311
4692,210
4693,407
4694,220
4694,122
4695,602
4696,507
4697,116
4698,123
4699,212
4699,302
4700,125
4700,130
4701,215
4702,312
4702,208
4703,404
4703,219
4704,407
4705,305
4706,605
4706,121
4707,501
4707,313
4708,509
4709,407
4710,122
4711,503
4711,109
4712,125
4712,112
4712,512
4713,107
4713,501
4714,407
4715,115
4715,507
4715,511
4715,401
4716,130
4717,405
4718,506
4719,220
4720,127
4721,111
4722,306
4723,501
4724,512
4725,313
4726,314
4726,206
4727,107
4728,406
4728,309
4729,208
4730,505
4731,124
4732,203
4733,119
4734,205
4734,111
4735,120
4736,505
4736,112
4737,210
4738,603
4738,118
4739,305
4740,601
4741,515
4741,213
4742,220
4743,216
4744,107
4744,114
4745,302
4745,105
4745,204
4746,122
4747,310
4747,112
4748,116
4748,207
4749,128
4750,106
4750,313
4751,112
4752,121
4753,407
4754,512
4755,210
4756,113
4757,401
4758,115
4759,217
4760,515
4761,127
4761,503
4761,220
4762,206
4763,314
4763,605
4763,510
4764,604
4764,304
4765,403
4766,511
4766,205
4766,207
4766,301
4767,305
4768,205
4768,107
4768,130
4769,312
4770,601
4770,502
4771,412
4771,110
4772,313
4773,207
4774,210
4774,513
4775,506
4775,503
4775,216
4776,111
4776,313
4776,404
4776,203
4777,116
4777,218
4777,408
4777,208
4778,108
4779,310
4780,112
4781,314
4782,214
4782,508
4783,502
4783,128
4784,207
4785,305
4785,406
4785,126
4786,605
4786,311
4786,411
4787,603
4787,103
4788,105
4789,206
4790,510
4790,122
4791,216
4792,404
4792,415
4792,414
4793,413
4793,507
4793,121
4794,403
4795,120
4795,212
4796,409
4796,408
4797,208
4798,202
4798,101
4799,508
4800,501
4801,202
4802,509
4802,511
4803,218
4803,215
4803,413
4804,310
4805,207
4805,305
4806,116
4807,310
4808,415
4808,213
4808,216
4809,206
4809,503
4810,203
4810,214
4811,114
4812,117
4812,408
4813,410
4813,603
4814,216
4815,603
4815,502
4816,415
4816,402
4816,127
4817,204
4818,303
4819,406
4819,212
4820,119
4821,503
4821,511
4821,215
4822,101
4822,108
4822,605
4823,119
4823,214
4824,216
4824,106
4824,206
4824,412
4825,506
4826,119
4827,109
4828,301
4829,212
4830,205
4831,510
4832,301
4833,115
4833,219
4834,215
4834,210
4835,307
4835,309
4836,213
4836,308
4837,605
4838,117
4839,205
4840,105
4840,116
4841,405
4841,108
4842,504
4842,601
4843,404
4843,403
4843,602
4844,126
4845,314
4846,102
4847,310
4848,306
4848,308
4849,123
4850,511
4851,115
4851,503
4851,407
4852,213
4853,512
4853,602
4853,312
4853,116
4854,126
4854,215
4854,504
4855,510
4856,124
4857,206
4858,507
4858,415
4858,213
4859,110
4859,202
4860,314
4861,411
4862,302
4863,601
4864,111
4865,218
4866,405
4867,304
4867,409
4868,514
4869,116
4870,117
4871,405
4872,102
4872,413
4873,217
4874,503
4875,202
4876,120
4877,212
4877,512
4878,126
4879,202
4880,413
4880,415
4880,213
4881,603
4881,121
4882,202
4882,216
4883,403
4883,217
4884,124
4884,310
4885,512
4885,117
4885,215
4886,315
4886,305
4886,213
4887,125
4887,407
4888,406
4888,129
4888,106
4889,412
4890,403
4891,211
4892,102
4892,314
4893,208
4893,120
4894,117
4895,106
4895,509
4896,216
4897,602
4897,212
4897,202
4898,303
4898,514
4898,201
4898,405
4899,311
4899,507
4899,107
4900,216
4900,217
4901,308
4901,402
4902,314
4902,125
4903,123
4904,219
4905,406
4905,505
4905,108
4906,411
4906,511
4907,211
4908,407
4908,130
4908,408
4909,127
4910,104
4911,114
4912,402
4912,315
4912,302
4912,210
4913,128
4914,411
4914,303
4915,315
4916,107
4916,119
4917,110
4917,512
4918,123
4919,406
4919,413
4920,129
4921,414
4922,220
4922,515
4923,219
4923,112
4924,509
4924,210
4924,118
4925,125
4925,130
4925,515
4926,303
4926,206
4927,512
4928,103
4929,404
4930,510
4931,514
4932,506
4933,104
4934,120
4935,213
4936,601
4936,605
4936,209
4937,126
4938,208
4939,604
4940,512
4941,403
4941,205
4942,216
4943,301
4943,305
4943,112
4944,106
4944,129
4944,414
4945,308
4945,101
4945,315
4946,502
4947,413
4947,211
4948,114
4949,515
4950,605
4951,407
4951,314
4952,211
4953,313
4953,305
4953,602
4954,101
4954,119
4955,514
4956,511
4956,508
4957,502
4957,504
4958,409
4958,404
4959,124
4960,204
4961,515
4961,213
4961,307
4962,214
4963,601
4964,106
4965,509
4966,502
4967,123
4968,513
4969,313
4969,103
4969,315
4970,409
4970,413
4970,206
4971,217
4972,604
4973,113
4974,402
4975,605
4976,116
4976,303
4977,129
4977,505
4977,108
4978,109
4979,510
4980,205
4980,113
4980,209
4981,503
4982,507
4983,215
4984,219
4984,507
4984,118
4984,604
4985,603
4986,205
4986,412
4986,313
4987,307
4988,401
4989,315
4989,209
4990,603
4991,122
4991,306
4991,216
4992,220
4992,303
4993,409
4993,311
4994,405
4995,114
4996,206
4996,112
4997,415
4997,306
4998,205
4998,106
4999,112
5000,116
5001,126
5002,404
5002,506
5002,310
5003,206
5004,312
5005,504
5006,306
5007,503
5008,301
5008,409
5009,509
5009,505
5010,216
5010,303
5011,407
5012,104
5013,304
5013,219
5014,508
5015,408
5015,309
5016,409
5016,128
5016,515
5017,404
5017,119
5017,213
5018,207
5018,304
5019,301
5019,405
5020,413
5021,107
5022,129
5022,315
5023,505
5024,404
5024,103
5024,207
5025,126
5026,208
5026,508
5026,218
5027,406
5028,113
5029,308
5030,114
5030,127
5031,505
5032,113
5032,204
5033,203
5033,509
5034,105
5035,207
5036,313
5036,314
5037,210
5038,304
5039,503
5040,310
5040,123
5040,220
5041,102
5042,203
5042,104
5042,411
5043,211
5044,210
5044,125
5045,201
5045,208
5045,505
5046,206
5047,502
5047,216
5048,313
5048,409
5048,603
5049,107
5049,214
5050,414
5051,303
5052,129
5053,304
5053,205
5054,514
5054,412
5055,213
5055,301
5056,515
5057,512
5057,415
5058,301
5059,201
5059,102
5060,109
5061,509
5061,124
5062,107
5063,604
5064,105
5064,301
5064,411
5065,101
5066,310
5067,122
5068,603
5068,126
5069,602
5069,503
5069,507
5069,304
5070,201
5071,129
5072,117
5073,407
5073,415
5074,128
5074,209
5074,217
5075,306
5075,310
5076,504
5077,129
5078,128
5079,130
5080,410
5080,513
5080,115
5081,213
5082,603
5082,209
5082,205
5083,216
5083,412
5084,113
5084,302
5085,602
5086,511
5087,120
5088,101
5089,116
5089,601
5090,415
5090,303
5091,313
5092,114
5092,403
5092,103
5093,201
5093,203
5093,405
5094,504
5095,122
5096,201
5097,602
5098,122
5098,604
5099,401
5100,113
5101,407
5102,401
5103,130
5104,510
5105,308
5105,413
5106,505
5106,402
5107,511
5108,513
5108,125
5109,409
5109,408
5109,214
5110,311
5110,603
5111,203
5112,515
5112,404
5112,206
5113,101
5114,210
5115,406
5115,413
5116,112
5116,502
5117,108
5117,212
5118,506
5118,604
5118,312
5118,119
5118,127
5118,415
5118,412
5119,502
5120,306
5120,206
5121,213
5122,108
5122,515
5123,112
5124,113
5125,603
5125,117
5126,111
5126,105
5126,127
5127,507
5127,207
5128,302
5128,108
5128,304
5129,402
5130,208
5131,311
5131,116
5131,220
5132,210
5133,312
5133,215
5134,217
5135,514
5136,129
5136,305
5136,214
5136,113
5137,313
5138,309
5138,207
5139,515
5140,216
5141,501
5141,405
5141,112
5142,410
5143,502
5143,110
5144,120
5144,220
5145,415
5145,507
5146,215
5147,218
5147,106
5148,505
5148,205
5149,202
5150,211
5150,407
5150,603
5151,406
5151,604
5152,107
5152,411
5152,408
5153,307
5153,304
5154,407
5154,106
5155,412
5156,601
5156,507
5157,128
5157,120
5158,510
5159,513
5160,106
5160,115
5160,310
5161,401
5161,511
5162,206
5162,110
5163,121
5163,215
5163,412
5164,125
5165,120
5165,307
5166,112
5167,315
5168,311
5168,203
5168,302
5169,302
5170,508
5171,403
5172,106
5173,216
5174,212
5175,117
5176,409
5177,119
5178,505
5179,102
5179,101
5180,217
5180,601
5180,503
5180,208
5181,506
5182,303
5183,216
5183,409
5184,202
5185,110
5186,411
5187,214
5187,125
5188,125
5189,511
5190,309
5191,214
5191,304
5192,311
5193,102
5193,308
5194,506
5195,313
5195,210
5195,208
5196,502
5196,603
5196,108
5197,106
5198,114
5198,130
5199,602
5199,207
5200,211
5201,315
5202,512
5203,120
5204,215
5205,405
5206,104
5207,110
5207,218
5208,414
5209,401
5210,601
5211,307
5212,306
5213,305
5213,414
5214,505
5215,502
5216,511
5216,307
5217,104
5217,112
5218,312
5219,201
5220,103
5221,130
5222,412
5223,128
5224,129
5224,206
5225,502
5226,514
5227,509
5228,129
5229,107
5230,502
5231,504
5232,206
5233,203
5234,126
5234,113
5234,208
5234,102
5235,314
5236,101
5236,128
5237,218
5238,315
5239,208
5239,122
5240,301
5240,412
5241,409
5242,513
5242,213
5243,303
5243,106
5243,109
5244,503
5245,111
5246,510
5247,211
5248,306
5249,305
5249,219
5249,512
5250,402
5251,108
5251,208
5252,220
5253,604
5253,402
5253,605
5254,315
5255,213
5256,220
5257,118
5258,107
5259,116
5260,303
5261,604
5261,112
5262,120
5263,501
5264,315
5264,312
5265,211
5265,415
5265,201
5266,122
5267,211
5268,505
5269,202
5270,107
5271,510
5271,309
5272,124
5272,501
5272,506
5272,306
5273,601
5274,219
5275,411
5276,101
5276,604
5277,305
5278,508
5279,115
5280,413
5280,113
5280,215
5281,506
5282,310
5283,110
5284,123
5284,126
5285,217
5285,220
5286,401
5286,311
5287,511
5287,104
5288,108
5289,506
5289,406
5289,216
5290,410
5290,112
5291,406
5291,311
5292,107
5292,122
5293,414
5294,508
5295,514
5296,123
5297,127
5297,412
5297,513
5298,210
5298,413
5299,110
5299,212
5299,201
5300,213
5301,501
5302,509
5302,114
5302,306
5303,302
5304,104
5305,309
5305,112
5306,303
5306,116
5307,128
5307,310
5308,113
5309,215
5310,503
5311,127
5311,407
5312,120
5313,125
5314,404
5315,206
5316,215
5316,506
5317,101
5317,120
5318,406
5318,121
5318,604
5319,210
5320,603
5320,402
5321,313
5322,203
5322,506
5323,310
5324,413
5324,303
5325,208
5325,201
5325,125
5326,409
5327,304
5328,104
5329,511
5330,208
5331,514
5332,501
5333,209
5334,513
5335,214
5336,114
5336,207
5336,306
5337,125
5338,124
5338,401
5339,509
5339,404
5339,309
5340,514
5341,214
5342,217
5342,604
5343,601
5344,127
5344,314
5345,301
5345,216
5345,214
5346,503
5347,504
5347,311
5347,202
5348,508
5349,305
5350,505
5350,206
5350,209
5351,205
5352,513
5353,311
5353,213
5354,113
5355,118
5356,122
5356,218
5357,205
5358,214
5358,207
5358,512
5358,102
5359,310
5359,508
5360,602
5361,415
5362,313
5363,413
5364,503
5365,603
5366,118
5366,119
5367,511
5367,129
5368,117
5369,120
5369,219
5370,604
5371,204
5371,512
5372,309
5372,508
5373,125
5373,501
5374,206
5374,216
5375,204
5375,214
5376,120
5376,111
5377,509
5377,125
5378,309
5378,502
5379,304
5380,601
5380,508
5381,506
5381,602
5382,213
5382,220
5383,307
5383,508
5383,122
5384,402
5384,103
5385,116
5386,201
5387,211
5388,304
5388,510
5389,315
5390,121
5391,215
5391,512
5392,402
5393,504
5393,117
5394,114
5394,412
5395,509
5396,110
5397,312
5398,403
5399,413
5400,202
5401,206
5401,311
5402,505
5403,313
5403,302
5404,503
5405,128
5405,210
5406,102
5407,501
5408,308
5408,102
5408,129
5409,203
5409,509
5410,124
5411,124
5412,304
5413,119
5414,127
5415,111
5415,103
5416,604
5416,301
5417,216
5418,112
5418,412
5418,505
5418,407
5419,103
5420,106
5420,119
5420,513
5420,107
5421,407
5422,310
5423,404
5424,117
5424,215
5424,505
5425,220
5425,122
5426,207
5426,509
5426,208
5427,510
5428,120
5428,106
5428,105
5428,218
5429,204
5430,411
5431,128
5432,502
5432,403
5432,514
5433,306
5434,120
5435,502
5436,208
5437,108
5437,129
5438,125
5439,504
5440,127
5441,311
5441,413
5441,314
5441,112
5441,107
5442,311
5442,218
5442,209
5443,309
5444,201
5445,511
5446,511
5447,313
5448,508
5448,220
5449,514
5449,121
5449,109
5450,504
5450,204
5450,123
5450,106
5451,406
5452,111
5453,115
5454,301
5455,410
5456,603
5457,414
5458,404
5459,101
5459,314
5459,113
5460,309
5461,211
5462,211
5463,501
5464,104
5465,314
5466,115
5466,602
5466,104
5467,123
5467,214
5468,122
5468,115
5469,210
5469,503
5470,130
5470,124
5470,412
5471,513
5472,513
5472,505
5472,101
5473,203
5473,511
5474,205
5474,203
5475,114
5475,407
5476,113
5477,515
5478,412
5479,211
5480,111
5480,124
5481,506
5481,204
5482,213
5483,114
5483,219
5484,212
5485,125
5486,305
5487,402
5488,213
5489,311
5490,410
5491,123
5492,406
5493,515
5493,116
5494,402
5494,305
5494,510
5495,502
5496,204
5497,408
5498,104
5498,208
5499,116
5500,302
5501,219
5502,122
5503,123
5503,215
5503,104
5503,511
5504,605
5504,220
5504,209
5505,305
5506,406
5506,206
5506,510
5507,410
5508,211
5509,414
5510,215
5511,209
5511,404
5512,313
5513,106
5513,124
5514,202
5514,206
5515,203
5515,116
5515,117
5516,414
5517,510
5517,102
5517,412
5518,117
5519,107
5520,501
5520,603
5521,204
5521,307
5522,111
5522,205
5522,315
5523,216
5524,126
5525,509
5526,406
5526,505
5527,306
5528,401
5529,308
5529,302
5530,119
5531,120
5532,206
5532,118
5533,120
5533,603
5533,113
5534,220
5534,117
5535,315
5535,604
5536,207
5537,409
5537,505
5538,413
5539,315
5539,303
5540,218
5540,203
5541,501
5542,201
5543,116
5543,119
5544,118
5544,127
5545,205
5545,114
5545,305
5546,218
5546,118
5546,201
5547,515
5547,314
5547,204
5548,313
5548,415
5548,403
5549,601
5549,112
5550,513
5550,412
5551,101
5551,409
5552,407
5553,120
5554,202
5554,128
5555,210
5556,309
5557,213
5558,515
5559,409
5559,123
5559,121
5560,309
5561,513
5562,203
5563,602
5563,515
5564,303
5565,215
5566,128
5567,310
5567,513
5567,129
5568,506
5568,511
5569,405
5569,509
5570,515
5570,412
5571,127
5572,309
5573,604
5573,509
5574,116
5574,306
5574,308
5575,301
5576,510
5576,515
5577,103
5578,405
5578,308
5579,501
5579,215
5579,302
5580,216
5581,103
5582,301
5582,602
5583,415
5584,507
5585,501
5585,407
5586,513
5587,216
5587,214
5587,121
5588,306
5589,211
5590,501
5591,207
5592,109
5593,106
5594,502
5595,414
5596,415
5597,118
5597,601
5597,407
5598,106
5598,605
5598,302
5598,215
5598,120
5599,201
5600,117
5600,303
5601,504
5602,412
5602,306
5603,104
5604,315
5604,111
5605,125
5606,213
5606,216
5606,410
5607,203
5608,106
5609,101
5609,305
5610,114
5610,510
5611,414
5612,301
5613,106
5614,213
5614,130
5615,307
5615,306
5615,311
5616,514
5617,313
5618,218
5619,215
5619,207
5620,305
5620,220
5620,216
5621,218
5621,116
5622,404
5623,307
5623,513
5623,102
5624,205
5625,204
5626,110
5626,604
5627,207
5628,407
5629,304
5630,307
5630,601
5631,508
5632,127
5632,415
5632,201
5632,515
5633,512
5634,503
5634,404
5635,209
5636,108
5636,406
5636,405
5637,303
5637,310
5638,605
5638,119
5638,124
5639,506
5640,110
5641,121
5641,403
5642,411
5643,104
5644,208
5644,117
5645,503
5646,414
5647,511
5647,409
5647,208
5648,605
5649,119
5650,410
5650,605
5650,212
5650,312
5651,305
5652,502
5653,413
5654,121
5655,512
5656,207
5657,109
5658,306
5658,414
5658,407
5659,312
5660,219
5661,504
5662,307
5663,111
5663,115
5663,504
5663,116
5664,106
5664,315
5665,126
5666,203
5667,124
5668,602
5669,202
5670,406
5670,602
5671,120
5672,309
5673,508
5673,213
5673,513
5674,210
5675,313
5676,414
5677,105
5677,201
5678,215
5679,218
5680,402
5681,204
5681,201
