m_id,m_bike_id,m_start_date,m_end_date,m_type
1,123,2024-01-02,2024-01-02,Brake Adjustment
2,304,2024-01-02,2024-01-02,Brake Adjustment
3,604,2024-01-03,2024-01-04,Frame Inspection
4,408,2024-01-05,2024-01-05,Brake Adjustment
5,208,2024-01-05,2024-01-05,Tire/Tube
6,115,2024-01-06,2024-01-06,Chain Lubrication
7,116,2024-01-06,2024-01-06,General Inspection
8,507,2024-01-07,2024-01-07,Tire/Tube
9,115,2024-01-07,2024-01-07,General Inspection
10,503,2024-01-07,2024-01-07,Timing Chain Check
11,109,2024-01-08,2024-01-08,Brake Adjustment
12,219,2024-01-09,2024-01-09,Chain Lubrication
13,216,2024-01-10,2024-01-10,Chain Lubrication
14,123,2024-01-10,2024-01-10,Brake Adjustment
15,410,2024-01-14,2024-01-15,Derailleur Tune-up
16,102,2024-01-15,2024-01-15,Tire/Tube
17,304,2024-01-15,2024-01-15,Tire/Tube
18,216,2024-01-15,2024-01-15,Handlebar Adjustment
19,406,2024-01-16,2024-01-16,Brake Adjustment
20,304,2024-01-18,2024-01-19,Battery Service
21,414,2024-01-20,2024-01-20,Brake Adjustment
22,303,2024-01-22,2024-01-22,Tire/Tube
23,315,2024-01-22,2024-01-22,Motor Check
24,310,2024-01-22,2024-01-22,Tire/Tube
25,514,2024-01-22,2024-01-22,Brake Adjustment
26,315,2024-01-27,2024-01-28,Battery Service
27,213,2024-01-28,2024-01-28,Tire/Tube
28,312,2024-01-28,2024-01-29,Battery Service
29,510,2024-01-28,2024-01-28,Timing Chain Check
30,210,2024-02-02,2024-02-02,Handlebar Adjustment
31,215,2024-02-03,2024-02-03,Chain Lubrication
32,605,2024-02-08,2024-02-09,Derailleur Tune-up
33,515,2024-02-09,2024-02-09,Tire/Tube
34,315,2024-02-11,2024-02-11,Brake Adjustment
35,202,2024-02-11,2024-02-11,Tire/Tube
36,313,2024-02-12,2024-02-12,Brake Adjustment
37,407,2024-02-12,2024-02-12,Tire/Tube
38,401,2024-02-12,2024-02-12,Tire/Tube
39,105,2024-02-12,2024-02-12,General Inspection
40,123,2024-02-14,2024-02-14,Chain Lubrication
41,412,2024-02-15,2024-02-16,Derailleur Tune-up
42,210,2024-02-17,2024-02-17,Handlebar Adjustment
43,104,2024-02-19,2024-02-19,General Inspection
44,405,2024-02-19,2024-02-19,Brake Adjustment
45,112,2024-02-19,2024-02-19,Tire/Tube
46,203,2024-02-22,2024-02-22,Chain Lubrication
47,108,2024-02-24,2024-02-24,Chain Lubrication
48,314,2024-02-25,2024-02-25,Brake Adjustment
49,511,2024-02-26,2024-02-26,Tire/Tube
50,502,2024-02-26,2024-02-26,Timing Chain Check
51,201,2024-02-28,2024-02-28,Tire/Tube
52,101,2024-02-29,2024-02-29,Brake Adjustment
53,205,2024-03-02,2024-03-02,Handlebar Adjustment
54,505,2024-03-02,2024-03-02,Tire/Tube
55,125,2024-03-03,2024-03-03,Tire/Tube
56,506,2024-03-03,2024-03-03,Brake Adjustment
57,204,2024-03-03,2024-03-03,Tire/Tube
58,505,2024-03-04,2024-03-04,Tire/Tube
59,112,2024-03-05,2024-03-05,Brake Adjustment
60,215,2024-03-06,2024-03-06,Tire/Tube
61,311,2024-03-08,2024-03-09,Battery Service
62,406,2024-03-09,2024-03-09,Tire/Tube
63,410,2024-03-09,2024-03-10,Derailleur Tune-up
64,512,2024-03-10,2024-03-10,Timing Chain Check
65,125,2024-03-10,2024-03-10,General Inspection
66,404,2024-03-10,2024-03-10,Brake Adjustment
67,108,2024-03-10,2024-03-10,Tire/Tube
68,308,2024-03-11,2024-03-11,Motor Check
69,414,2024-03-11,2024-03-12,Derailleur Tune-up
70,122,2024-03-11,2024-03-11,General Inspection
71,314,2024-03-11,2024-03-11,Motor Check
72,117,2024-03-15,2024-03-15,General Inspection
73,309,2024-03-17,2024-03-17,Brake Adjustment
74,511,2024-03-17,2024-03-17,Timing Chain Check
75,219,2024-03-17,2024-03-17,Chain Lubrication
76,128,2024-03-17,2024-03-17,General Inspection
77,503,2024-03-18,2024-03-18,Brake Adjustment
78,207,2024-03-18,2024-03-18,Tire/Tube
79,117,2024-03-18,2024-03-18,General Inspection
80,108,2024-03-18,2024-03-18,Brake Adjustment
81,203,2024-03-19,2024-03-19,Handlebar Adjustment
82,121,2024-03-20,2024-03-20,Tire/Tube
83,121,2024-03-22,2024-03-22,Tire/Tube
84,507,2024-03-22,2024-03-22,Brake Adjustment
85,119,2024-03-22,2024-03-22,Tire/Tube
86,604,2024-03-22,2024-03-23,Frame Inspection
87,115,2024-03-23,2024-03-23,Tire/Tube
88,315,2024-03-23,2024-03-23,Motor Check
89,106,2024-03-23,2024-03-23,Tire/Tube
90,207,2024-03-24,2024-03-24,Tire/Tube
91,125,2024-03-24,2024-03-24,Tire/Tube
92,105,2024-03-25,2024-03-25,Chain Lubrication
93,503,2024-03-26,2024-03-26,Tire/Tube
94,307,2024-03-27,2024-03-27,Tire/Tube
95,310,2024-03-27,2024-03-28,Battery Service
96,117,2024-03-28,2024-03-28,Brake Adjustment
97,412,2024-03-28,2024-03-28,Tire/Tube
98,507,2024-03-28,2024-03-28,Timing Chain Check
99,213,2024-03-29,2024-03-29,Chain Lubrication
100,406,2024-03-29,2024-03-30,Derailleur Tune-up
101,113,2024-03-29,2024-03-29,Tire/Tube
102,117,2024-03-30,2024-03-30,Tire/Tube
103,210,2024-03-31,2024-03-31,Chain Lubrication
104,105,2024-03-31,2024-03-31,Tire/Tube
105,106,2024-04-01,2024-04-01,General Inspection
106,107,2024-04-01,2024-04-01,General Inspection
107,217,2024-04-01,2024-04-01,Handlebar Adjustment
108,302,2024-04-02,2024-04-02,Brake Adjustment
109,601,2024-04-05,2024-04-05,Tire/Tube
110,413,2024-04-05,2024-04-05,Brake Adjustment
111,414,2024-04-06,2024-04-06,Brake Adjustment
112,413,2024-04-06,2024-04-06,Tire/Tube
113,117,2024-04-06,2024-04-06,Tire/Tube
114,118,2024-04-06,2024-04-06,Chain Lubrication
115,402,2024-04-06,2024-04-06,Brake Adjustment
116,505,2024-04-07,2024-04-07,Tire/Tube
117,503,2024-04-07,2024-04-07,Tire/Tube
118,101,2024-04-07,2024-04-07,Tire/Tube
119,601,2024-04-07,2024-04-08,Derailleur Tune-up
120,402,2024-04-08,2024-04-08,Tire/Tube
121,515,2024-04-08,2024-04-08,Tire/Tube
122,307,2024-04-08,2024-04-08,Tire/Tube
123,509,2024-04-08,2024-04-08,Tire/Tube
124,216,2024-04-08,2024-04-08,Handlebar Adjustment
125,123,2024-04-09,2024-04-09,Chain Lubrication
126,116,2024-04-09,2024-04-09,Tire/Tube
127,124,2024-04-09,2024-04-09,Brake Adjustment
128,115,2024-04-11,2024-04-11,Tire/Tube
129,407,2024-04-11,2024-04-11,Brake Adjustment
130,128,2024-04-12,2024-04-12,Tire/Tube
131,514,2024-04-13,2024-04-13,Tire/Tube
132,217,2024-04-13,2024-04-13,Chain Lubrication
133,413,2024-04-13,2024-04-13,Tire/Tube
134,503,2024-04-13,2024-04-13,Brake Adjustment
135,212,2024-04-14,2024-04-14,Handlebar Adjustment
136,112,2024-04-14,2024-04-14,Chain Lubrication
137,203,2024-04-14,2024-04-14,Chain Lubrication
138,102,2024-04-14,2024-04-14,General Inspection
139,117,2024-04-14,2024-04-14,Chain Lubrication
140,118,2024-04-14,2024-04-14,Chain Lubrication
141,503,2024-04-15,2024-04-15,Timing Chain Check
142,219,2024-04-15,2024-04-15,Tire/Tube
143,116,2024-04-15,2024-04-15,Tire/Tube
144,110,2024-04-16,2024-04-16,General Inspection
145,126,2024-04-16,2024-04-16,General Inspection
146,408,2024-04-17,2024-04-17,Tire/Tube
147,217,2024-04-18,2024-04-18,Tire/Tube
148,314,2024-04-18,2024-04-18,Brake Adjustment
149,309,2024-04-19,2024-04-19,Tire/Tube
150,103,2024-04-19,2024-04-19,General Inspection
151,315,2024-04-21,2024-04-21,Motor Check
152,514,2024-04-21,2024-04-21,Tire/Tube
153,217,2024-04-22,2024-04-22,Chain Lubrication
154,213,2024-04-22,2024-04-22,Tire/Tube
155,313,2024-04-22,2024-04-22,Tire/Tube
156,504,2024-04-23,2024-04-23,Tire/Tube
157,130,2024-04-23,2024-04-23,General Inspection
158,105,2024-04-23,2024-04-23,Tire/Tube
159,122,2024-04-25,2024-04-25,Brake Adjustment
160,302,2024-04-25,2024-04-25,Motor Check
161,508,2024-04-25,2024-04-25,Timing Chain Check
162,104,2024-04-26,2024-04-26,Tire/Tube
163,304,2024-04-26,2024-04-26,Motor Check
164,114,2024-04-26,2024-04-26,General Inspection
165,604,2024-04-27,2024-04-27,Tire/Tube
166,106,2024-04-27,2024-04-27,Chain Lubrication
167,412,2024-04-27,2024-04-28,Derailleur Tune-up
168,412,2024-04-28,2024-04-28,Tire/Tube
169,116,2024-04-28,2024-04-28,General Inspection
170,301,2024-04-28,2024-04-28,Brake Adjustment
171,105,2024-04-28,2024-04-28,Tire/Tube
172,504,2024-04-28,2024-04-28,Tire/Tube
173,314,2024-04-28,2024-04-28,Motor Check
174,514,2024-04-28,2024-04-28,Brake Adjustment
175,209,2024-04-29,2024-04-29,Handlebar Adjustment
176,603,2024-04-29,2024-04-30,Frame Inspection
177,111,2024-04-30,2024-04-30,General Inspection
178,208,2024-04-30,2024-04-30,Handlebar Adjustment
179,120,2024-05-01,2024-05-01,Chain Lubrication
180,105,2024-05-01,2024-05-01,General Inspection
181,119,2024-05-01,2024-05-01,Tire/Tube
182,308,2024-05-02,2024-05-02,Brake Adjustment
183,305,2024-05-02,2024-05-02,Tire/Tube
184,505,2024-05-02,2024-05-02,Tire/Tube
185,210,2024-05-03,2024-05-03,Chain Lubrication
186,109,2024-05-04,2024-05-04,Tire/Tube
187,211,2024-05-04,2024-05-04,Chain Lubrication
188,108,2024-05-05,2024-05-05,Brake Adjustment
189,505,2024-05-05,2024-05-05,Tire/Tube
190,503,2024-05-05,2024-05-05,Tire/Tube
191,120,2024-05-05,2024-05-05,General Inspection
192,127,2024-05-06,2024-05-06,General Inspection
193,114,2024-05-06,2024-05-06,Brake Adjustment
194,314,2024-05-06,2024-05-06,Tire/Tube
195,513,2024-05-06,2024-05-06,Tire/Tube
196,102,2024-05-06,2024-05-06,Brake Adjustment
197,413,2024-05-06,2024-05-06,Tire/Tube
198,129,2024-05-06,2024-05-06,Chain Lubrication
199,201,2024-05-07,2024-05-07,Handlebar Adjustment
200,107,2024-05-07,2024-05-07,Chain Lubrication
201,117,2024-05-08,2024-05-08,Chain Lubrication
202,513,2024-05-10,2024-05-10,Timing Chain Check
203,313,2024-05-10,2024-05-11,Battery Service
204,605,2024-05-10,2024-05-11,Frame Inspection
205,116,2024-05-10,2024-05-10,General Inspection
206,506,2024-05-11,2024-05-11,Tire/Tube
207,603,2024-05-11,2024-05-12,Derailleur Tune-up
208,301,2024-05-11,2024-05-11,Motor Check
209,124,2024-05-11,2024-05-11,Tire/Tube
210,604,2024-05-11,2024-05-11,Tire/Tube
211,503,2024-05-12,2024-05-12,Brake Adjustment
212,410,2024-05-12,2024-05-13,Derailleur Tune-up
213,210,2024-05-12,2024-05-12,Chain Lubrication
214,307,2024-05-12,2024-05-12,Tire/Tube
215,122,2024-05-13,2024-05-13,Tire/Tube
216,501,2024-05-13,2024-05-13,Timing Chain Check
217,307,2024-05-13,2024-05-13,Tire/Tube
218,402,2024-05-13,2024-05-14,Derailleur Tune-up
219,125,2024-05-13,2024-05-13,Chain Lubrication
220,405,2024-05-13,2024-05-13,Tire/Tube
221,127,2024-05-15,2024-05-15,Brake Adjustment
222,304,2024-05-15,2024-05-15,Motor Check
223,308,2024-05-16,2024-05-16,Motor Check
224,406,2024-05-17,2024-05-17,Tire/Tube
225,216,2024-05-17,2024-05-17,Tire/Tube
226,103,2024-05-17,2024-05-17,Chain Lubrication
227,207,2024-05-18,2024-05-18,Tire/Tube
228,107,2024-05-18,2024-05-18,Brake Adjustment
229,406,2024-05-18,2024-05-18,Brake Adjustment
230,312,2024-05-18,2024-05-18,Brake Adjustment
231,214,2024-05-18,2024-05-18,Tire/Tube
232,215,2024-05-19,2024-05-19,Handlebar Adjustment
233,402,2024-05-19,2024-05-19,Tire/Tube
234,513,2024-05-19,2024-05-19,Tire/Tube
235,107,2024-05-19,2024-05-19,Brake Adjustment
236,403,2024-05-19,2024-05-20,Derailleur Tune-up
237,208,2024-05-19,2024-05-19,Chain Lubrication
238,214,2024-05-20,2024-05-20,Tire/Tube
239,502,2024-05-20,2024-05-20,Timing Chain Check
240,501,2024-05-20,2024-05-20,Tire/Tube
241,504,2024-05-20,2024-05-20,Timing Chain Check
242,206,2024-05-20,2024-05-20,Handlebar Adjustment
243,110,2024-05-22,2024-05-22,Brake Adjustment
244,124,2024-05-22,2024-05-22,General Inspection
245,411,2024-05-23,2024-05-24,Derailleur Tune-up
246,504,2024-05-23,2024-05-23,Timing Chain Check
247,407,2024-05-23,2024-05-23,Brake Adjustment
248,210,2024-05-24,2024-05-24,Handlebar Adjustment
249,305,2024-05-25,2024-05-25,Tire/Tube
250,102,2024-05-25,2024-05-25,General Inspection
251,123,2024-05-25,2024-05-25,Tire/Tube
252,217,2024-05-25,2024-05-25,Handlebar Adjustment
253,501,2024-05-25,2024-05-25,Tire/Tube
254,407,2024-05-25,2024-05-25,Brake Adjustment
255,305,2024-05-26,2024-05-26,Motor Check
256,218,2024-05-26,2024-05-26,Tire/Tube
257,603,2024-05-26,2024-05-27,Derailleur Tune-up
258,508,2024-05-26,2024-05-26,Brake Adjustment
259,406,2024-05-26,2024-05-26,Tire/Tube
260,122,2024-05-27,2024-05-27,General Inspection
261,122,2024-05-27,2024-05-27,Tire/Tube
262,303,2024-05-27,2024-05-27,Motor Check
263,307,2024-05-27,2024-05-28,Battery Service
264,302,2024-05-27,2024-05-27,Tire/Tube
265,402,2024-05-29,2024-05-30,Derailleur Tune-up
266,510,2024-05-30,2024-05-30,Brake Adjustment
267,211,2024-05-30,2024-05-30,Chain Lubrication
268,103,2024-05-30,2024-05-30,General Inspection
269,409,2024-05-30,2024-05-30,Brake Adjustment
270,309,2024-05-31,2024-05-31,Brake Adjustment
271,504,2024-05-31,2024-05-31,Tire/Tube
272,218,2024-05-31,2024-05-31,Handlebar Adjustment
273,502,2024-05-31,2024-05-31,Timing Chain Check
274,603,2024-05-31,2024-06-01,Frame Inspection
275,509,2024-06-01,2024-06-01,Brake Adjustment
276,111,2024-06-01,2024-06-01,Chain Lubrication
277,207,2024-06-01,2024-06-01,Handlebar Adjustment
278,605,2024-06-02,2024-06-02,Tire/Tube
279,412,2024-06-02,2024-06-02,Tire/Tube
280,123,2024-06-02,2024-06-02,Chain Lubrication
281,106,2024-06-02,2024-06-02,Tire/Tube
282,217,2024-06-03,2024-06-03,Handlebar Adjustment
283,402,2024-06-03,2024-06-03,Tire/Tube
284,101,2024-06-03,2024-06-03,Chain Lubrication
285,310,2024-06-05,2024-06-06,Battery Service
286,220,2024-06-05,2024-06-05,Tire/Tube
287,217,2024-06-06,2024-06-06,Handlebar Adjustment
288,207,2024-06-06,2024-06-06,Handlebar Adjustment
289,308,2024-06-06,2024-06-06,Tire/Tube
290,401,2024-06-06,2024-06-06,Brake Adjustment
291,403,2024-06-07,2024-06-08,Derailleur Tune-up
292,314,2024-06-08,2024-06-09,Battery Service
293,217,2024-06-08,2024-06-08,Tire/Tube
294,513,2024-06-08,2024-06-08,Tire/Tube
295,112,2024-06-08,2024-06-08,Chain Lubrication
296,107,2024-06-08,2024-06-08,General Inspection
297,513,2024-06-08,2024-06-08,Brake Adjustment
298,212,2024-06-08,2024-06-08,Chain Lubrication
299,124,2024-06-09,2024-06-09,General Inspection
300,410,2024-06-09,2024-06-09,Tire/Tube
301,115,2024-06-09,2024-06-09,Tire/Tube
302,216,2024-06-09,2024-06-09,Chain Lubrication
303,408,2024-06-09,2024-06-09,Brake Adjustment
304,201,2024-06-09,2024-06-09,Chain Lubrication
305,106,2024-06-10,2024-06-10,Brake Adjustment
306,212,2024-06-10,2024-06-10,Handlebar Adjustment
307,502,2024-06-10,2024-06-10,Brake Adjustment
308,108,2024-06-10,2024-06-10,Tire/Tube
309,602,2024-06-10,2024-06-11,Derailleur Tune-up
310,117,2024-06-10,2024-06-10,Tire/Tube
311,512,2024-06-10,2024-06-10,Tire/Tube
312,120,2024-06-10,2024-06-10,Chain Lubrication
313,121,2024-06-10,2024-06-10,Chain Lubrication
314,310,2024-06-10,2024-06-10,Tire/Tube
315,401,2024-06-10,2024-06-11,Derailleur Tune-up
316,512,2024-06-10,2024-06-10,Tire/Tube
317,218,2024-06-11,2024-06-11,Tire/Tube
318,114,2024-06-11,2024-06-11,Tire/Tube
319,111,2024-06-12,2024-06-12,Tire/Tube
320,504,2024-06-12,2024-06-12,Timing Chain Check
321,214,2024-06-12,2024-06-12,Handlebar Adjustment
322,514,2024-06-13,2024-06-13,Brake Adjustment
323,205,2024-06-13,2024-06-13,Chain Lubrication
324,508,2024-06-13,2024-06-13,Tire/Tube
325,119,2024-06-14,2024-06-14,General Inspection
326,121,2024-06-14,2024-06-14,Tire/Tube
327,118,2024-06-15,2024-06-15,Chain Lubrication
328,209,2024-06-15,2024-06-15,Handlebar Adjustment
329,207,2024-06-15,2024-06-15,Chain Lubrication
330,407,2024-06-15,2024-06-15,Tire/Tube
331,315,2024-06-16,2024-06-16,Motor Check
332,307,2024-06-16,2024-06-17,Battery Service
333,114,2024-06-16,2024-06-16,General Inspection
334,405,2024-06-17,2024-06-18,Derailleur Tune-up
335,311,2024-06-17,2024-06-17,Brake Adjustment
336,511,2024-06-17,2024-06-17,Brake Adjustment
337,414,2024-06-18,2024-06-18,Brake Adjustment
338,306,2024-06-18,2024-06-18,Tire/Tube
339,202,2024-06-18,2024-06-18,Handlebar Adjustment
340,408,2024-06-18,2024-06-18,Tire/Tube
341,124,2024-06-18,2024-06-18,Tire/Tube
342,405,2024-06-20,2024-06-21,Derailleur Tune-up
343,512,2024-06-20,2024-06-20,Timing Chain Check
344,212,2024-06-20,2024-06-20,Handlebar Adjustment
345,302,2024-06-20,2024-06-20,Tire/Tube
346,314,2024-06-21,2024-06-22,Battery Service
347,114,2024-06-21,2024-06-21,Tire/Tube
348,122,2024-06-21,2024-06-21,Brake Adjustment
349,313,2024-06-21,2024-06-21,Brake Adjustment
350,121,2024-06-21,2024-06-21,Brake Adjustment
351,110,2024-06-22,2024-06-22,General Inspection
352,310,2024-06-22,2024-06-22,Motor Check
353,124,2024-06-22,2024-06-22,General Inspection
354,501,2024-06-22,2024-06-22,Tire/Tube
355,121,2024-06-22,2024-06-22,General Inspection
356,204,2024-06-23,2024-06-23,Handlebar Adjustment
357,129,2024-06-23,2024-06-23,Tire/Tube
358,202,2024-06-23,2024-06-23,Tire/Tube
359,509,2024-06-23,2024-06-23,Tire/Tube
360,115,2024-06-23,2024-06-23,Tire/Tube
361,604,2024-06-23,2024-06-24,Derailleur Tune-up
362,124,2024-06-24,2024-06-24,Chain Lubrication
363,306,2024-06-24,2024-06-24,Motor Check
364,407,2024-06-24,2024-06-25,Derailleur Tune-up
365,308,2024-06-24,2024-06-25,Battery Service
366,403,2024-06-24,2024-06-24,Tire/Tube
367,306,2024-06-24,2024-06-25,Battery Service
368,117,2024-06-25,2024-06-25,General Inspection
369,219,2024-06-25,2024-06-25,Tire/Tube
370,119,2024-06-26,2024-06-26,General Inspection
371,120,2024-06-26,2024-06-26,General Inspection
372,509,2024-06-27,2024-06-27,Tire/Tube
373,118,2024-06-27,2024-06-27,Tire/Tube
374,106,2024-06-28,2024-06-28,General Inspection
375,120,2024-06-29,2024-06-29,Chain Lubrication
376,218,2024-06-29,2024-06-29,Handlebar Adjustment
377,101,2024-06-29,2024-06-29,Brake Adjustment
378,103,2024-06-29,2024-06-29,Chain Lubrication
379,603,2024-06-29,2024-06-30,Frame Inspection
380,413,2024-06-29,2024-06-29,Tire/Tube
381,603,2024-06-29,2024-06-29,Tire/Tube
382,219,2024-06-30,2024-06-30,Handlebar Adjustment
383,315,2024-06-30,2024-06-30,Tire/Tube
384,128,2024-06-30,2024-06-30,General Inspection
385,406,2024-06-30,2024-06-30,Brake Adjustment
386,411,2024-06-30,2024-07-01,Derailleur Tune-up
387,512,2024-06-30,2024-06-30,Timing Chain Check
388,212,2024-06-30,2024-06-30,Tire/Tube
389,202,2024-06-30,2024-06-30,Tire/Tube
390,515,2024-06-30,2024-06-30,Brake Adjustment
391,124,2024-07-01,2024-07-01,Brake Adjustment
392,107,2024-07-01,2024-07-01,Brake Adjustment
393,505,2024-07-01,2024-07-01,Brake Adjustment
394,206,2024-07-01,2024-07-01,Chain Lubrication
395,204,2024-07-01,2024-07-01,Tire/Tube
396,202,2024-07-01,2024-07-01,Chain Lubrication
397,121,2024-07-01,2024-07-01,Chain Lubrication
398,211,2024-07-02,2024-07-02,Chain Lubrication
399,307,2024-07-03,2024-07-04,Battery Service
400,407,2024-07-04,2024-07-04,Tire/Tube
401,203,2024-07-04,2024-07-04,Chain Lubrication
402,122,2024-07-04,2024-07-04,General Inspection
403,103,2024-07-04,2024-07-04,Chain Lubrication
404,219,2024-07-05,2024-07-05,Tire/Tube
405,110,2024-07-05,2024-07-05,General Inspection
406,129,2024-07-05,2024-07-05,General Inspection
407,308,2024-07-05,2024-07-06,Battery Service
408,128,2024-07-05,2024-07-05,General Inspection
409,205,2024-07-06,2024-07-06,Chain Lubrication
410,115,2024-07-06,2024-07-06,Chain Lubrication
411,111,2024-07-06,2024-07-06,Tire/Tube
412,414,2024-07-06,2024-07-07,Derailleur Tune-up
413,304,2024-07-06,2024-07-06,Brake Adjustment
414,308,2024-07-07,2024-07-08,Battery Service
415,604,2024-07-07,2024-07-08,Frame Inspection
416,507,2024-07-07,2024-07-07,Timing Chain Check
417,220,2024-07-07,2024-07-07,Handlebar Adjustment
418,411,2024-07-07,2024-07-07,Brake Adjustment
419,206,2024-07-08,2024-07-08,Tire/Tube
420,502,2024-07-08,2024-07-08,Timing Chain Check
421,110,2024-07-08,2024-07-08,Brake Adjustment
422,504,2024-07-08,2024-07-08,Brake Adjustment
423,111,2024-07-08,2024-07-08,Chain Lubrication
424,504,2024-07-08,2024-07-08,Timing Chain Check
425,111,2024-07-08,2024-07-08,Tire/Tube
426,108,2024-07-08,2024-07-08,General Inspection
427,118,2024-07-08,2024-07-08,General Inspection
428,105,2024-07-09,2024-07-09,Brake Adjustment
429,130,2024-07-10,2024-07-10,Brake Adjustment
430,415,2024-07-10,2024-07-10,Tire/Tube
431,116,2024-07-11,2024-07-11,Chain Lubrication
432,411,2024-07-11,2024-07-11,Tire/Tube
433,511,2024-07-12,2024-07-12,Tire/Tube
434,514,2024-07-12,2024-07-12,Tire/Tube
435,126,2024-07-12,2024-07-12,Tire/Tube
436,128,2024-07-12,2024-07-12,Tire/Tube
437,114,2024-07-13,2024-07-13,General Inspection
438,401,2024-07-13,2024-07-13,Tire/Tube
439,117,2024-07-13,2024-07-13,Brake Adjustment
440,114,2024-07-13,2024-07-13,General Inspection
441,315,2024-07-14,2024-07-15,Battery Service
442,414,2024-07-14,2024-07-14,Tire/Tube
443,112,2024-07-14,2024-07-14,Tire/Tube
444,206,2024-07-14,2024-07-14,Chain Lubrication
445,601,2024-07-15,2024-07-16,Frame Inspection
446,408,2024-07-15,2024-07-15,Brake Adjustment
447,130,2024-07-15,2024-07-15,Brake Adjustment
448,114,2024-07-15,2024-07-15,Chain Lubrication
449,119,2024-07-15,2024-07-15,Brake Adjustment
450,307,2024-07-15,2024-07-15,Tire/Tube
451,127,2024-07-15,2024-07-15,General Inspection
452,505,2024-07-16,2024-07-16,Timing Chain Check
453,101,2024-07-17,2024-07-17,Chain Lubrication
454,504,2024-07-17,2024-07-17,Timing Chain Check
455,509,2024-07-18,2024-07-18,Tire/Tube
456,415,2024-07-18,2024-07-18,Tire/Tube
457,402,2024-07-18,2024-07-18,Brake Adjustment
458,604,2024-07-19,2024-07-19,Tire/Tube
459,301,2024-07-19,2024-07-20,Battery Service
460,604,2024-07-19,2024-07-20,Frame Inspection
461,217,2024-07-20,2024-07-20,Handlebar Adjustment
462,405,2024-07-20,2024-07-20,Brake Adjustment
463,114,2024-07-20,2024-07-20,Chain Lubrication
464,212,2024-07-20,2024-07-20,Handlebar Adjustment
465,206,2024-07-20,2024-07-20,Chain Lubrication
466,217,2024-07-20,2024-07-20,Tire/Tube
467,128,2024-07-20,2024-07-20,Brake Adjustment
468,205,2024-07-21,2024-07-21,Tire/Tube
469,215,2024-07-21,2024-07-21,Handlebar Adjustment
470,513,2024-07-21,2024-07-21,Brake Adjustment
471,313,2024-07-21,2024-07-21,Brake Adjustment
472,509,2024-07-21,2024-07-21,Brake Adjustment
473,214,2024-07-21,2024-07-21,Tire/Tube
474,126,2024-07-21,2024-07-21,General Inspection
475,118,2024-07-22,2024-07-22,Brake Adjustment
476,120,2024-07-22,2024-07-22,Tire/Tube
477,307,2024-07-22,2024-07-22,Brake Adjustment
478,213,2024-07-22,2024-07-22,Tire/Tube
479,127,2024-07-23,2024-07-23,Chain Lubrication
480,307,2024-07-23,2024-07-23,Brake Adjustment
481,205,2024-07-23,2024-07-23,Tire/Tube
482,217,2024-07-23,2024-07-23,Tire/Tube
483,415,2024-07-25,2024-07-26,Derailleur Tune-up
484,315,2024-07-25,2024-07-25,Tire/Tube
485,309,2024-07-26,2024-07-26,Motor Check
486,605,2024-07-26,2024-07-26,Tire/Tube
487,509,2024-07-26,2024-07-26,Tire/Tube
488,102,2024-07-26,2024-07-26,Tire/Tube
489,102,2024-07-26,2024-07-26,General Inspection
490,130,2024-07-26,2024-07-26,Brake Adjustment
491,502,2024-07-27,2024-07-27,Brake Adjustment
492,211,2024-07-27,2024-07-27,Tire/Tube
493,602,2024-07-27,2024-07-28,Derailleur Tune-up
494,122,2024-07-27,2024-07-27,Tire/Tube
495,404,2024-07-27,2024-07-28,Derailleur Tune-up
496,102,2024-07-28,2024-07-28,Tire/Tube
497,510,2024-07-28,2024-07-28,Brake Adjustment
498,117,2024-07-28,2024-07-28,Brake Adjustment
499,101,2024-07-28,2024-07-28,Tire/Tube
500,604,2024-07-28,2024-07-29,Frame Inspection
501,217,2024-07-28,2024-07-28,Handlebar Adjustment
502,407,2024-07-28,2024-07-28,Tire/Tube
503,128,2024-07-28,2024-07-28,General Inspection
504,116,2024-07-29,2024-07-29,General Inspection
505,509,2024-07-29,2024-07-29,Brake Adjustment
506,409,2024-07-29,2024-07-29,Brake Adjustment
507,124,2024-07-29,2024-07-29,General Inspection
508,124,2024-07-29,2024-07-29,Tire/Tube
509,315,2024-07-30,2024-07-30,Tire/Tube
510,124,2024-07-31,2024-07-31,Chain Lubrication
511,515,2024-07-31,2024-07-31,Tire/Tube
512,123,2024-08-01,2024-08-01,General Inspection
513,505,2024-08-02,2024-08-02,Timing Chain Check
514,104,2024-08-02,2024-08-02,Tire/Tube
515,213,2024-08-02,2024-08-02,Handlebar Adjustment
516,218,2024-08-02,2024-08-02,Tire/Tube
517,127,2024-08-02,2024-08-02,Brake Adjustment
518,407,2024-08-02,2024-08-03,Derailleur Tune-up
519,204,2024-08-03,2024-08-03,Chain Lubrication
520,208,2024-08-03,2024-08-03,Chain Lubrication
521,203,2024-08-03,2024-08-03,Handlebar Adjustment
522,217,2024-08-03,2024-08-03,Handlebar Adjustment
523,206,2024-08-03,2024-08-03,Tire/Tube
524,512,2024-08-04,2024-08-04,Timing Chain Check
525,127,2024-08-04,2024-08-04,General Inspection
526,118,2024-08-04,2024-08-04,Chain Lubrication
527,411,2024-08-04,2024-08-05,Derailleur Tune-up
528,305,2024-08-04,2024-08-04,Motor Check
529,210,2024-08-04,2024-08-04,Tire/Tube
530,205,2024-08-04,2024-08-04,Handlebar Adjustment
531,309,2024-08-05,2024-08-05,Brake Adjustment
532,113,2024-08-05,2024-08-05,Chain Lubrication
533,106,2024-08-05,2024-08-05,Tire/Tube
534,209,2024-08-05,2024-08-05,Tire/Tube
535,208,2024-08-05,2024-08-05,Chain Lubrication
536,104,2024-08-06,2024-08-06,Brake Adjustment
537,310,2024-08-06,2024-08-07,Battery Service
538,208,2024-08-07,2024-08-07,Tire/Tube
539,411,2024-08-08,2024-08-09,Derailleur Tune-up
540,130,2024-08-08,2024-08-08,Tire/Tube
541,112,2024-08-08,2024-08-08,General Inspection
542,106,2024-08-08,2024-08-08,General Inspection
543,213,2024-08-09,2024-08-09,Tire/Tube
544,506,2024-08-09,2024-08-09,Tire/Tube
545,512,2024-08-10,2024-08-10,Tire/Tube
546,129,2024-08-10,2024-08-10,Chain Lubrication
547,220,2024-08-10,2024-08-10,Chain Lubrication
548,208,2024-08-10,2024-08-10,Tire/Tube
549,214,2024-08-10,2024-08-10,Chain Lubrication
550,514,2024-08-10,2024-08-10,Brake Adjustment
551,602,2024-08-10,2024-08-11,Frame Inspection
552,129,2024-08-10,2024-08-10,Chain Lubrication
553,123,2024-08-10,2024-08-10,Tire/Tube
554,217,2024-08-10,2024-08-10,Tire/Tube
555,308,2024-08-10,2024-08-10,Tire/Tube
556,109,2024-08-11,2024-08-11,Brake Adjustment
557,207,2024-08-11,2024-08-11,Handlebar Adjustment
558,505,2024-08-11,2024-08-11,Brake Adjustment
559,514,2024-08-11,2024-08-11,Tire/Tube
560,128,2024-08-12,2024-08-12,Chain Lubrication
561,411,2024-08-13,2024-08-14,Derailleur Tune-up
562,303,2024-08-14,2024-08-14,Motor Check
563,115,2024-08-15,2024-08-15,Chain Lubrication
564,211,2024-08-15,2024-08-15,Chain Lubrication
565,604,2024-08-15,2024-08-15,Tire/Tube
566,127,2024-08-16,2024-08-16,Tire/Tube
567,406,2024-08-17,2024-08-17,Brake Adjustment
568,213,2024-08-17,2024-08-17,Chain Lubrication
569,304,2024-08-17,2024-08-18,Battery Service
570,103,2024-08-18,2024-08-18,General Inspection
571,415,2024-08-18,2024-08-18,Tire/Tube
572,604,2024-08-18,2024-08-19,Frame Inspection
573,122,2024-08-18,2024-08-18,Brake Adjustment
574,301,2024-08-18,2024-08-19,Battery Service
575,311,2024-08-18,2024-08-18,Tire/Tube
576,130,2024-08-18,2024-08-18,Brake Adjustment
577,303,2024-08-18,2024-08-18,Brake Adjustment
578,509,2024-08-18,2024-08-18,Brake Adjustment
579,125,2024-08-19,2024-08-19,Tire/Tube
580,504,2024-08-19,2024-08-19,Brake Adjustment
581,401,2024-08-20,2024-08-21,Derailleur Tune-up
582,311,2024-08-20,2024-08-20,Motor Check
583,506,2024-08-21,2024-08-21,Timing Chain Check
584,206,2024-08-21,2024-08-21,Chain Lubrication
585,405,2024-08-21,2024-08-21,Brake Adjustment
586,604,2024-08-23,2024-08-24,Derailleur Tune-up
587,502,2024-08-23,2024-08-23,Tire/Tube
588,313,2024-08-23,2024-08-23,Tire/Tube
589,128,2024-08-23,2024-08-23,Tire/Tube
590,218,2024-08-23,2024-08-23,Handlebar Adjustment
591,505,2024-08-24,2024-08-24,Brake Adjustment
592,514,2024-08-24,2024-08-24,Tire/Tube
593,115,2024-08-24,2024-08-24,Brake Adjustment
594,603,2024-08-25,2024-08-26,Derailleur Tune-up
595,306,2024-08-25,2024-08-26,Battery Service
596,603,2024-08-25,2024-08-26,Frame Inspection
597,127,2024-08-25,2024-08-25,General Inspection
598,202,2024-08-26,2024-08-26,Tire/Tube
599,105,2024-08-26,2024-08-26,Chain Lubrication
600,126,2024-08-28,2024-08-28,General Inspection
601,218,2024-08-28,2024-08-28,Tire/Tube
602,201,2024-08-28,2024-08-28,Chain Lubrication
603,220,2024-08-29,2024-08-29,Handlebar Adjustment
604,605,2024-08-30,2024-08-31,Derailleur Tune-up
605,509,2024-08-30,2024-08-30,Brake Adjustment
606,312,2024-08-30,2024-08-30,Motor Check
607,313,2024-08-30,2024-08-31,Battery Service
608,219,2024-08-31,2024-08-31,Tire/Tube
609,204,2024-08-31,2024-08-31,Chain Lubrication
610,412,2024-08-31,2024-08-31,Brake Adjustment
611,210,2024-08-31,2024-08-31,Chain Lubrication
612,512,2024-08-31,2024-08-31,Tire/Tube
613,214,2024-08-31,2024-08-31,Handlebar Adjustment
614,310,2024-09-01,2024-09-01,Motor Check
615,210,2024-09-01,2024-09-01,Tire/Tube
616,118,2024-09-01,2024-09-01,Brake Adjustment
617,212,2024-09-01,2024-09-01,Chain Lubrication
618,126,2024-09-01,2024-09-01,Chain Lubrication
619,510,2024-09-01,2024-09-01,Timing Chain Check
620,125,2024-09-01,2024-09-01,Tire/Tube
621,311,2024-09-01,2024-09-01,Tire/Tube
622,110,2024-09-02,2024-09-02,Brake Adjustment
623,312,2024-09-02,2024-09-02,Tire/Tube
624,407,2024-09-02,2024-09-02,Brake Adjustment
625,204,2024-09-02,2024-09-02,Handlebar Adjustment
626,205,2024-09-03,2024-09-03,Handlebar Adjustment
627,102,2024-09-04,2024-09-04,Tire/Tube
628,104,2024-09-05,2024-09-05,Chain Lubrication
629,407,2024-09-06,2024-09-06,Brake Adjustment
630,213,2024-09-06,2024-09-06,Chain Lubrication
631,403,2024-09-06,2024-09-07,Derailleur Tune-up
632,413,2024-09-06,2024-09-06,Brake Adjustment
633,210,2024-09-07,2024-09-07,Handlebar Adjustment
634,515,2024-09-07,2024-09-07,Tire/Tube
635,504,2024-09-07,2024-09-07,Brake Adjustment
636,506,2024-09-07,2024-09-07,Brake Adjustment
637,414,2024-09-07,2024-09-08,Derailleur Tune-up
638,415,2024-09-08,2024-09-08,Tire/Tube
639,510,2024-09-08,2024-09-08,Tire/Tube
640,103,2024-09-08,2024-09-08,Brake Adjustment
641,303,2024-09-08,2024-09-08,Motor Check
642,506,2024-09-08,2024-09-08,Tire/Tube
643,114,2024-09-08,2024-09-08,Brake Adjustment
644,503,2024-09-09,2024-09-09,Tire/Tube
645,508,2024-09-09,2024-09-09,Brake Adjustment
646,509,2024-09-09,2024-09-09,Timing Chain Check
647,603,2024-09-09,2024-09-10,Derailleur Tune-up
648,121,2024-09-09,2024-09-09,Chain Lubrication
649,502,2024-09-09,2024-09-09,Timing Chain Check
650,603,2024-09-09,2024-09-09,Tire/Tube
651,217,2024-09-10,2024-09-10,Chain Lubrication
652,410,2024-09-11,2024-09-12,Derailleur Tune-up
653,102,2024-09-11,2024-09-11,Brake Adjustment
654,118,2024-09-13,2024-09-13,Tire/Tube
655,602,2024-09-13,2024-09-13,Tire/Tube
656,126,2024-09-13,2024-09-13,Tire/Tube
657,104,2024-09-14,2024-09-14,Tire/Tube
658,306,2024-09-14,2024-09-14,Motor Check
659,211,2024-09-14,2024-09-14,Tire/Tube
660,120,2024-09-14,2024-09-14,Chain Lubrication
661,124,2024-09-14,2024-09-14,General Inspection
662,502,2024-09-15,2024-09-15,Tire/Tube
663,302,2024-09-15,2024-09-15,Tire/Tube
664,505,2024-09-15,2024-09-15,Brake Adjustment
665,101,2024-09-15,2024-09-15,General Inspection
666,604,2024-09-15,2024-09-16,Frame Inspection
667,127,2024-09-15,2024-09-15,General Inspection
668,206,2024-09-15,2024-09-15,Handlebar Adjustment
669,109,2024-09-15,2024-09-15,Brake Adjustment
670,123,2024-09-15,2024-09-15,Chain Lubrication
671,126,2024-09-15,2024-09-15,General Inspection
672,602,2024-09-15,2024-09-15,Tire/Tube
673,206,2024-09-16,2024-09-16,Handlebar Adjustment
674,403,2024-09-16,2024-09-16,Brake Adjustment
675,112,2024-09-16,2024-09-16,Tire/Tube
676,604,2024-09-16,2024-09-16,Tire/Tube
677,412,2024-09-16,2024-09-16,Brake Adjustment
678,605,2024-09-18,2024-09-19,Frame Inspection
679,403,2024-09-18,2024-09-19,Derailleur Tune-up
680,111,2024-09-19,2024-09-19,General Inspection
681,413,2024-09-20,2024-09-20,Brake Adjustment
682,505,2024-09-20,2024-09-20,Tire/Tube
683,102,2024-09-20,2024-09-20,Chain Lubrication
684,127,2024-09-21,2024-09-21,General Inspection
685,509,2024-09-21,2024-09-21,Brake Adjustment
686,510,2024-09-21,2024-09-21,Brake Adjustment
687,603,2024-09-21,2024-09-21,Tire/Tube
688,412,2024-09-21,2024-09-22,Derailleur Tune-up
689,306,2024-09-22,2024-09-22,Brake Adjustment
690,315,2024-09-22,2024-09-22,Brake Adjustment
691,123,2024-09-22,2024-09-22,Tire/Tube
692,508,2024-09-22,2024-09-22,Tire/Tube
693,413,2024-09-22,2024-09-22,Brake Adjustment
694,514,2024-09-22,2024-09-22,Brake Adjustment
695,301,2024-09-22,2024-09-22,Brake Adjustment
696,107,2024-09-22,2024-09-22,Brake Adjustment
697,207,2024-09-22,2024-09-22,Handlebar Adjustment
698,508,2024-09-23,2024-09-23,Tire/Tube
699,130,2024-09-23,2024-09-23,Tire/Tube
700,409,2024-09-23,2024-09-23,Tire/Tube
701,122,2024-09-23,2024-09-23,General Inspection
702,409,2024-09-23,2024-09-23,Tire/Tube
703,130,2024-09-23,2024-09-23,Tire/Tube
704,603,2024-09-24,2024-09-25,Frame Inspection
705,401,2024-09-25,2024-09-26,Derailleur Tune-up
706,414,2024-09-25,2024-09-25,Brake Adjustment
707,412,2024-09-26,2024-09-27,Derailleur Tune-up
708,402,2024-09-26,2024-09-27,Derailleur Tune-up
709,307,2024-09-26,2024-09-26,Motor Check
710,112,2024-09-26,2024-09-26,Brake Adjustment
711,122,2024-09-26,2024-09-26,Tire/Tube
712,120,2024-09-26,2024-09-26,General Inspection
713,205,2024-09-27,2024-09-27,Chain Lubrication
714,504,2024-09-28,2024-09-28,Brake Adjustment
715,102,2024-09-29,2024-09-29,Chain Lubrication
716,127,2024-09-29,2024-09-29,General Inspection
717,503,2024-09-29,2024-09-29,Tire/Tube
718,220,2024-09-30,2024-09-30,Chain Lubrication
719,515,2024-09-30,2024-09-30,Timing Chain Check
720,118,2024-09-30,2024-09-30,Brake Adjustment
721,130,2024-09-30,2024-09-30,General Inspection
722,302,2024-09-30,2024-09-30,Motor Check
723,415,2024-09-30,2024-09-30,Brake Adjustment
724,505,2024-09-30,2024-09-30,Timing Chain Check
725,301,2024-10-01,2024-10-01,Tire/Tube
726,212,2024-10-01,2024-10-01,Tire/Tube
727,414,2024-10-01,2024-10-01,Tire/Tube
728,407,2024-10-01,2024-10-02,Derailleur Tune-up
729,115,2024-10-02,2024-10-02,Chain Lubrication
730,514,2024-10-02,2024-10-02,Brake Adjustment
731,214,2024-10-04,2024-10-04,Tire/Tube
732,129,2024-10-04,2024-10-04,General Inspection
733,503,2024-10-04,2024-10-04,Tire/Tube
734,207,2024-10-05,2024-10-05,Tire/Tube
735,115,2024-10-05,2024-10-05,Tire/Tube
736,512,2024-10-05,2024-10-05,Tire/Tube
737,127,2024-10-05,2024-10-05,Brake Adjustment
738,215,2024-10-05,2024-10-05,Handlebar Adjustment
739,312,2024-10-05,2024-10-05,Motor Check
740,505,2024-10-06,2024-10-06,Timing Chain Check
741,117,2024-10-06,2024-10-06,Brake Adjustment
742,108,2024-10-06,2024-10-06,Tire/Tube
743,410,2024-10-06,2024-10-06,Tire/Tube
744,504,2024-10-06,2024-10-06,Brake Adjustment
745,106,2024-10-06,2024-10-06,Tire/Tube
746,102,2024-10-07,2024-10-07,Chain Lubrication
747,124,2024-10-07,2024-10-07,Chain Lubrication
748,213,2024-10-07,2024-10-07,Tire/Tube
749,415,2024-10-07,2024-10-07,Brake Adjustment
750,113,2024-10-07,2024-10-07,Chain Lubrication
751,415,2024-10-07,2024-10-07,Tire/Tube
752,120,2024-10-07,2024-10-07,Chain Lubrication
753,214,2024-10-07,2024-10-07,Handlebar Adjustment
754,202,2024-10-07,2024-10-07,Tire/Tube
755,111,2024-10-07,2024-10-07,Brake Adjustment
756,128,2024-10-08,2024-10-08,Tire/Tube
757,404,2024-10-08,2024-10-09,Derailleur Tune-up
758,104,2024-10-08,2024-10-08,Chain Lubrication
759,204,2024-10-09,2024-10-09,Tire/Tube
760,411,2024-10-10,2024-10-11,Derailleur Tune-up
761,109,2024-10-10,2024-10-10,Tire/Tube
762,513,2024-10-10,2024-10-10,Tire/Tube
763,113,2024-10-10,2024-10-10,Chain Lubrication
764,121,2024-10-11,2024-10-11,Chain Lubrication
765,219,2024-10-11,2024-10-11,Tire/Tube
766,407,2024-10-11,2024-10-11,Tire/Tube
767,116,2024-10-11,2024-10-11,Chain Lubrication
768,212,2024-10-11,2024-10-11,Handlebar Adjustment
769,507,2024-10-12,2024-10-12,Brake Adjustment
770,220,2024-10-12,2024-10-12,Handlebar Adjustment
771,111,2024-10-12,2024-10-12,General Inspection
772,313,2024-10-12,2024-10-12,Tire/Tube
773,408,2024-10-13,2024-10-13,Brake Adjustment
774,314,2024-10-13,2024-10-13,Brake Adjustment
775,218,2024-10-13,2024-10-13,Tire/Tube
776,114,2024-10-14,2024-10-14,General Inspection
777,509,2024-10-14,2024-10-14,Timing Chain Check
778,218,2024-10-14,2024-10-14,Chain Lubrication
779,410,2024-10-15,2024-10-15,Brake Adjustment
780,603,2024-10-15,2024-10-16,Frame Inspection
781,415,2024-10-15,2024-10-15,Brake Adjustment
782,101,2024-10-15,2024-10-15,General Inspection
783,115,2024-10-16,2024-10-16,Brake Adjustment
784,108,2024-10-17,2024-10-17,Tire/Tube
785,504,2024-10-17,2024-10-17,Timing Chain Check
786,404,2024-10-17,2024-10-18,Derailleur Tune-up
787,310,2024-10-17,2024-10-18,Battery Service
788,415,2024-10-18,2024-10-19,Derailleur Tune-up
789,314,2024-10-18,2024-10-18,Tire/Tube
790,116,2024-10-18,2024-10-18,Brake Adjustment
791,110,2024-10-18,2024-10-18,General Inspection
792,114,2024-10-20,2024-10-20,General Inspection
793,120,2024-10-20,2024-10-20,General Inspection
794,202,2024-10-20,2024-10-20,Chain Lubrication
795,125,2024-10-20,2024-10-20,General Inspection
796,123,2024-10-20,2024-10-20,Chain Lubrication
797,511,2024-10-20,2024-10-20,Timing Chain Check
798,302,2024-10-20,2024-10-21,Battery Service
799,211,2024-10-21,2024-10-21,Handlebar Adjustment
800,604,2024-10-21,2024-10-21,Tire/Tube
801,119,2024-10-21,2024-10-21,Brake Adjustment
802,514,2024-10-21,2024-10-21,Tire/Tube
803,112,2024-10-21,2024-10-21,Tire/Tube
804,605,2024-10-21,2024-10-21,Tire/Tube
805,118,2024-10-24,2024-10-24,Tire/Tube
806,507,2024-10-24,2024-10-24,Tire/Tube
807,215,2024-10-24,2024-10-24,Handlebar Adjustment
808,303,2024-10-24,2024-10-24,Tire/Tube
809,313,2024-10-25,2024-10-25,Motor Check
810,220,2024-10-25,2024-10-25,Handlebar Adjustment
811,306,2024-10-25,2024-10-25,Brake Adjustment
812,205,2024-10-25,2024-10-25,Handlebar Adjustment
813,106,2024-10-25,2024-10-25,Tire/Tube
814,116,2024-10-26,2024-10-26,General Inspection
815,309,2024-10-26,2024-10-26,Motor Check
816,508,2024-10-27,2024-10-27,Brake Adjustment
817,207,2024-10-27,2024-10-27,Handlebar Adjustment
818,206,2024-10-27,2024-10-27,Chain Lubrication
819,101,2024-10-28,2024-10-28,Tire/Tube
820,511,2024-10-28,2024-10-28,Tire/Tube
821,513,2024-10-28,2024-10-28,Timing Chain Check
822,602,2024-10-28,2024-10-29,Derailleur Tune-up
823,102,2024-10-28,2024-10-28,Brake Adjustment
824,301,2024-10-28,2024-10-28,Motor Check
825,507,2024-10-28,2024-10-28,Brake Adjustment
826,313,2024-10-29,2024-10-30,Battery Service
827,402,2024-10-30,2024-10-30,Tire/Tube
828,409,2024-10-30,2024-10-30,Brake Adjustment
829,406,2024-10-31,2024-10-31,Tire/Tube
830,502,2024-10-31,2024-10-31,Timing Chain Check
831,112,2024-11-01,2024-11-01,General Inspection
832,208,2024-11-01,2024-11-01,Tire/Tube
833,312,2024-11-01,2024-11-01,Motor Check
834,211,2024-11-02,2024-11-02,Tire/Tube
835,205,2024-11-02,2024-11-02,Handlebar Adjustment
836,507,2024-11-02,2024-11-02,Brake Adjustment
837,410,2024-11-02,2024-11-03,Derailleur Tune-up
838,106,2024-11-02,2024-11-02,General Inspection
839,412,2024-11-03,2024-11-03,Brake Adjustment
840,106,2024-11-03,2024-11-03,General Inspection
841,505,2024-11-04,2024-11-04,Brake Adjustment
842,216,2024-11-04,2024-11-04,Handlebar Adjustment
843,110,2024-11-05,2024-11-05,Brake Adjustment
844,125,2024-11-05,2024-11-05,Brake Adjustment
845,110,2024-11-08,2024-11-08,Tire/Tube
846,305,2024-11-09,2024-11-09,Motor Check
847,509,2024-11-10,2024-11-10,Timing Chain Check
848,129,2024-11-10,2024-11-10,Brake Adjustment
849,113,2024-11-10,2024-11-10,Tire/Tube
850,402,2024-11-11,2024-11-12,Derailleur Tune-up
851,409,2024-11-11,2024-11-11,Brake Adjustment
852,513,2024-11-11,2024-11-11,Timing Chain Check
853,309,2024-11-14,2024-11-14,Motor Check
854,113,2024-11-16,2024-11-16,Tire/Tube
855,104,2024-11-17,2024-11-17,General Inspection
856,414,2024-11-17,2024-11-17,Brake Adjustment
857,110,2024-11-17,2024-11-17,Tire/Tube
858,213,2024-11-17,2024-11-17,Tire/Tube
859,114,2024-11-17,2024-11-17,Chain Lubrication
860,309,2024-11-17,2024-11-18,Battery Service
861,206,2024-11-18,2024-11-18,Handlebar Adjustment
862,120,2024-11-18,2024-11-18,Brake Adjustment
863,215,2024-11-18,2024-11-18,Chain Lubrication
864,304,2024-11-19,2024-11-19,Motor Check
865,124,2024-11-22,2024-11-22,Brake Adjustment
866,404,2024-11-22,2024-11-22,Brake Adjustment
867,514,2024-11-22,2024-11-22,Brake Adjustment
868,503,2024-11-22,2024-11-22,Brake Adjustment
869,311,2024-11-23,2024-11-23,Tire/Tube
870,207,2024-11-23,2024-11-23,Chain Lubrication
871,602,2024-11-24,2024-11-24,Tire/Tube
872,216,2024-11-25,2024-11-25,Tire/Tube
873,111,2024-11-25,2024-11-25,Chain Lubrication
874,502,2024-11-25,2024-11-25,Brake Adjustment
875,601,2024-11-25,2024-11-26,Frame Inspection
876,220,2024-11-25,2024-11-25,Tire/Tube
877,315,2024-11-25,2024-11-26,Battery Service
878,202,2024-11-27,2024-11-27,Tire/Tube
879,128,2024-11-28,2024-11-28,Tire/Tube
880,304,2024-11-29,2024-11-29,Motor Check
881,103,2024-11-29,2024-11-29,Chain Lubrication
882,505,2024-11-30,2024-11-30,Brake Adjustment
883,204,2024-11-30,2024-11-30,Tire/Tube
884,201,2024-12-01,2024-12-01,Tire/Tube
885,508,2024-12-02,2024-12-02,Tire/Tube
886,220,2024-12-02,2024-12-02,Handlebar Adjustment
887,406,2024-12-02,2024-12-02,Tire/Tube
888,414,2024-12-02,2024-12-02,Tire/Tube
889,210,2024-12-06,2024-12-06,Handlebar Adjustment
890,505,2024-12-06,2024-12-06,Brake Adjustment
891,208,2024-12-08,2024-12-08,Tire/Tube
892,305,2024-12-09,2024-12-09,Motor Check
893,220,2024-12-09,2024-12-09,Chain Lubrication
894,117,2024-12-10,2024-12-10,General Inspection
895,412,2024-12-11,2024-12-11,Tire/Tube
896,501,2024-12-11,2024-12-11,Brake Adjustment
897,315,2024-12-14,2024-12-15,Battery Service
898,114,2024-12-15,2024-12-15,Tire/Tube
899,118,2024-12-15,2024-12-15,Tire/Tube
900,204,2024-12-15,2024-12-15,Chain Lubrication
901,409,2024-12-16,2024-12-17,Derailleur Tune-up
902,513,2024-12-16,2024-12-16,Tire/Tube
903,303,2024-12-16,2024-12-16,Tire/Tube
904,506,2024-12-18,2024-12-18,Timing Chain Check
905,306,2024-12-19,2024-12-19,Tire/Tube
906,302,2024-12-20,2024-12-20,Motor Check
907,103,2024-12-20,2024-12-20,Brake Adjustment
908,215,2024-12-20,2024-12-20,Tire/Tube
909,501,2024-12-21,2024-12-21,Tire/Tube
910,407,2024-12-21,2024-12-21,Tire/Tube
911,306,2024-12-21,2024-12-21,Tire/Tube
912,215,2024-12-22,2024-12-22,Handlebar Adjustment
913,410,2024-12-23,2024-12-24,Derailleur Tune-up
914,307,2024-12-23,2024-12-23,Brake Adjustment
915,311,2024-12-23,2024-12-23,Brake Adjustment
916,404,2024-12-25,2024-12-25,Tire/Tube
917,205,2024-12-25,2024-12-25,Tire/Tube
918,406,2024-12-27,2024-12-27,Brake Adjustment
919,310,2024-12-27,2024-12-27,Motor Check
920,414,2024-12-28,2024-12-28,Tire/Tube
921,409,2024-12-28,2024-12-28,Tire/Tube
922,121,2024-12-29,2024-12-29,General Inspection
923,109,2024-12-29,2024-12-29,Chain Lubrication
924,602,2024-12-30,2024-12-31,Frame Inspection
925,126,2024-12-30,2024-12-30,General Inspection
926,105,2024-12-31,2024-12-31,Tire/Tube
